indice_i;id_i;w;d;day;mtb;accettato;;
0;1;1;5;1;10;1.0;31,448;3492,269
0;1;1;6;1;10;0.0;;
0;1;1;7;1;10;0.0;;
0;1;1;8;1;10;0.0;;
0;1;1;9;1;10;0.0;;
0;1;2;5;1;10;0.0;;
0;1;2;6;1;10;0.0;;
0;1;2;7;1;10;0.0;;
0;1;2;8;1;10;0.0;;
0;1;2;9;1;10;0.0;;
1;2;1;5;1;21;1.0;68,714;0
1;2;1;6;1;21;0.0;;
1;2;1;7;1;21;0.0;;
1;2;1;8;1;21;0.0;;
1;2;1;9;1;21;0.0;;
1;2;2;5;1;21;0.0;;
1;2;2;6;1;21;0.0;;
1;2;2;7;1;21;0.0;;
1;2;2;8;1;21;0.0;;
1;2;2;9;1;21;0.0;;
2;3;1;5;1;21;1.0;39,035;
2;3;1;6;1;21;0.0;;
2;3;1;7;1;21;0.0;;
2;3;1;8;1;21;0.0;;
2;3;1;9;1;21;0.0;;
2;3;2;5;1;21;0.0;;
2;3;2;6;1;21;0.0;;
2;3;2;7;1;21;0.0;;
2;3;2;8;1;21;0.0;;
2;3;2;9;1;21;0.0;;
3;4;1;5;1;14;1.0;42,188;
3;4;1;6;1;14;0.0;;
3;4;1;7;1;14;0.0;;
3;4;1;8;1;14;0.0;;
3;4;1;9;1;14;0.0;;
3;4;2;5;1;14;0.0;;
3;4;2;6;1;14;0.0;;
3;4;2;7;1;14;0.0;;
3;4;2;8;1;14;0.0;;
3;4;2;9;1;14;0.0;;
4;5;1;5;1;15;1.0;36,362;
4;5;1;6;1;15;0.0;;
4;5;1;7;1;15;0.0;;
4;5;1;8;1;15;0.0;;
4;5;1;9;1;15;0.0;;
4;5;2;5;1;15;0.0;;
4;5;2;6;1;15;0.0;;
4;5;2;7;1;15;0.0;;
4;5;2;8;1;15;0.0;;
4;5;2;9;1;15;0.0;;
5;6;1;5;1;14;1.0;41,625;
5;6;1;6;1;14;0.0;;
5;6;1;7;1;14;0.0;;
5;6;1;8;1;14;0.0;;
5;6;1;9;1;14;0.0;;
5;6;2;5;1;14;0.0;;
5;6;2;6;1;14;0.0;;
5;6;2;7;1;14;0.0;;
5;6;2;8;1;14;0.0;;
5;6;2;9;1;14;0.0;;
6;7;1;5;1;18;1.0;73,228;
6;7;1;6;1;18;0.0;;
6;7;1;7;1;18;0.0;;
6;7;1;8;1;18;0.0;;
6;7;1;9;1;18;0.0;;
6;7;2;5;1;18;0.0;;
6;7;2;6;1;18;0.0;;
6;7;2;7;1;18;0.0;;
6;7;2;8;1;18;0.0;;
6;7;2;9;1;18;0.0;;
7;8;1;5;1;9;1.0;49,284;
7;8;1;6;1;9;0.0;;
7;8;1;7;1;9;0.0;;
7;8;1;8;1;9;0.0;;
7;8;1;9;1;9;0.0;;
7;8;2;5;1;9;0.0;;
7;8;2;6;1;9;0.0;;
7;8;2;7;1;9;0.0;;
7;8;2;8;1;9;0.0;;
7;8;2;9;1;9;0.0;;
8;9;1;5;1;22;1.0;47,264;
8;9;1;6;1;22;0.0;;
8;9;1;7;1;22;0.0;;
8;9;1;8;1;22;0.0;;
8;9;1;9;1;22;0.0;;
8;9;2;5;1;22;0.0;;
8;9;2;6;1;22;0.0;;
8;9;2;7;1;22;0.0;;
8;9;2;8;1;22;0.0;;
8;9;2;9;1;22;0.0;;
9;10;1;5;1;21;1.0;31,45;
9;10;1;6;1;21;0.0;;
9;10;1;7;1;21;0.0;;
9;10;1;8;1;21;0.0;;
9;10;1;9;1;21;0.0;;
9;10;2;5;1;21;0.0;;
9;10;2;6;1;21;0.0;;
9;10;2;7;1;21;0.0;;
9;10;2;8;1;21;0.0;;
9;10;2;9;1;21;0.0;;
10;11;1;5;1;7;1.0;64,31;
10;11;1;6;1;7;0.0;;
10;11;1;7;1;7;0.0;;
10;11;1;8;1;7;0.0;;
10;11;1;9;1;7;0.0;;
10;11;2;5;1;7;0.0;;
10;11;2;6;1;7;0.0;;
10;11;2;7;1;7;0.0;;
10;11;2;8;1;7;0.0;;
10;11;2;9;1;7;0.0;;
11;12;1;5;1;14;1.0;58,765;
11;12;1;6;1;14;0.0;;
11;12;1;7;1;14;0.0;;
11;12;1;8;1;14;0.0;;
11;12;1;9;1;14;0.0;;
11;12;2;5;1;14;0.0;;
11;12;2;6;1;14;0.0;;
11;12;2;7;1;14;0.0;;
11;12;2;8;1;14;0.0;;
11;12;2;9;1;14;0.0;;
12;13;1;5;1;16;1.0;51,265;
12;13;1;6;1;16;0.0;;
12;13;1;7;1;16;0.0;;
12;13;1;8;1;16;0.0;;
12;13;1;9;1;16;0.0;;
12;13;2;5;1;16;0.0;;
12;13;2;6;1;16;0.0;;
12;13;2;7;1;16;0.0;;
12;13;2;8;1;16;0.0;;
12;13;2;9;1;16;0.0;;
13;14;1;5;1;13;1.0;47,985;
13;14;1;6;1;13;0.0;;
13;14;1;7;1;13;0.0;;
13;14;1;8;1;13;0.0;;
13;14;1;9;1;13;0.0;;
13;14;2;5;1;13;0.0;;
13;14;2;6;1;13;0.0;;
13;14;2;7;1;13;0.0;;
13;14;2;8;1;13;0.0;;
13;14;2;9;1;13;0.0;;
14;15;1;5;1;20;1.0;42,69;
14;15;1;6;1;20;0.0;;
14;15;1;7;1;20;0.0;;
14;15;1;8;1;20;0.0;;
14;15;1;9;1;20;0.0;;
14;15;2;5;1;20;0.0;;
14;15;2;6;1;20;0.0;;
14;15;2;7;1;20;0.0;;
14;15;2;8;1;20;0.0;;
14;15;2;9;1;20;0.0;;
15;16;1;5;1;14;1.0;69,291;
15;16;1;6;1;14;0.0;;
15;16;1;7;1;14;0.0;;
15;16;1;8;1;14;0.0;;
15;16;1;9;1;14;0.0;;
15;16;2;5;1;14;0.0;;
15;16;2;6;1;14;0.0;;
15;16;2;7;1;14;0.0;;
15;16;2;8;1;14;0.0;;
15;16;2;9;1;14;0.0;;
16;17;1;5;1;17;1.0;37,624;
16;17;1;6;1;17;0.0;;
16;17;1;7;1;17;0.0;;
16;17;1;8;1;17;0.0;;
16;17;1;9;1;17;0.0;;
16;17;2;5;1;17;0.0;;
16;17;2;6;1;17;0.0;;
16;17;2;7;1;17;0.0;;
16;17;2;8;1;17;0.0;;
16;17;2;9;1;17;0.0;;
17;18;1;5;1;15;1.0;49,52;
17;18;1;6;1;15;0.0;;
17;18;1;7;1;15;0.0;;
17;18;1;8;1;15;0.0;;
17;18;1;9;1;15;0.0;;
17;18;2;5;1;15;0.0;;
17;18;2;6;1;15;0.0;;
17;18;2;7;1;15;0.0;;
17;18;2;8;1;15;0.0;;
17;18;2;9;1;15;0.0;;
18;19;1;5;1;20;1.0;89,791;
18;19;1;6;1;20;0.0;;
18;19;1;7;1;20;0.0;;
18;19;1;8;1;20;0.0;;
18;19;1;9;1;20;0.0;;
18;19;2;5;1;20;0.0;;
18;19;2;6;1;20;0.0;;
18;19;2;7;1;20;0.0;;
18;19;2;8;1;20;0.0;;
18;19;2;9;1;20;0.0;;
19;20;1;5;2;19;1.0;33,788;
19;20;1;6;2;19;0.0;;
19;20;1;7;2;19;0.0;;
19;20;1;8;2;19;0.0;;
19;20;1;9;2;19;0.0;;
19;20;2;5;2;19;0.0;;
19;20;2;6;2;19;0.0;;
19;20;2;7;2;19;0.0;;
19;20;2;8;2;19;0.0;;
19;20;2;9;2;19;0.0;;
20;21;1;5;2;16;1.0;36,419;
20;21;1;6;2;16;0.0;;
20;21;1;7;2;16;0.0;;
20;21;1;8;2;16;0.0;;
20;21;1;9;2;16;0.0;;
20;21;2;5;2;16;0.0;;
20;21;2;6;2;16;0.0;;
20;21;2;7;2;16;0.0;;
20;21;2;8;2;16;0.0;;
20;21;2;9;2;16;0.0;;
21;22;1;5;2;15;1.0;44,838;
21;22;1;6;2;15;0.0;;
21;22;1;7;2;15;0.0;;
21;22;1;8;2;15;0.0;;
21;22;1;9;2;15;0.0;;
21;22;2;5;2;15;0.0;;
21;22;2;6;2;15;0.0;;
21;22;2;7;2;15;0.0;;
21;22;2;8;2;15;0.0;;
21;22;2;9;2;15;0.0;;
22;23;1;5;2;19;1.0;63,664;
22;23;1;6;2;19;0.0;;
22;23;1;7;2;19;0.0;;
22;23;1;8;2;19;0.0;;
22;23;1;9;2;19;0.0;;
22;23;2;5;2;19;0.0;;
22;23;2;6;2;19;0.0;;
22;23;2;7;2;19;0.0;;
22;23;2;8;2;19;0.0;;
22;23;2;9;2;19;0.0;;
23;24;1;5;2;15;1.0;47,784;
23;24;1;6;2;15;0.0;;
23;24;1;7;2;15;0.0;;
23;24;1;8;2;15;0.0;;
23;24;1;9;2;15;0.0;;
23;24;2;5;2;15;0.0;;
23;24;2;6;2;15;0.0;;
23;24;2;7;2;15;0.0;;
23;24;2;8;2;15;0.0;;
23;24;2;9;2;15;0.0;;
24;25;1;5;2;16;1.0;31,932;
24;25;1;6;2;16;0.0;;
24;25;1;7;2;16;0.0;;
24;25;1;8;2;16;0.0;;
24;25;1;9;2;16;0.0;;
24;25;2;5;2;16;0.0;;
24;25;2;6;2;16;0.0;;
24;25;2;7;2;16;0.0;;
24;25;2;8;2;16;0.0;;
24;25;2;9;2;16;0.0;;
25;26;1;5;2;28;1.0;57,138;
25;26;1;6;2;28;0.0;;
25;26;1;7;2;28;0.0;;
25;26;1;8;2;28;0.0;;
25;26;1;9;2;28;0.0;;
25;26;2;5;2;28;0.0;;
25;26;2;6;2;28;0.0;;
25;26;2;7;2;28;0.0;;
25;26;2;8;2;28;0.0;;
25;26;2;9;2;28;0.0;;
26;27;1;5;2;16;1.0;41,711;
26;27;1;6;2;16;0.0;;
26;27;1;7;2;16;0.0;;
26;27;1;8;2;16;0.0;;
26;27;1;9;2;16;0.0;;
26;27;2;5;2;16;0.0;;
26;27;2;6;2;16;0.0;;
26;27;2;7;2;16;0.0;;
26;27;2;8;2;16;0.0;;
26;27;2;9;2;16;0.0;;
27;28;1;5;2;18;1.0;42,807;
27;28;1;6;2;18;0.0;;
27;28;1;7;2;18;0.0;;
27;28;1;8;2;18;0.0;;
27;28;1;9;2;18;0.0;;
27;28;2;5;2;18;0.0;;
27;28;2;6;2;18;0.0;;
27;28;2;7;2;18;0.0;;
27;28;2;8;2;18;0.0;;
27;28;2;9;2;18;0.0;;
28;29;1;5;2;8;1.0;49,852;
28;29;1;6;2;8;0.0;;
28;29;1;7;2;8;0.0;;
28;29;1;8;2;8;0.0;;
28;29;1;9;2;8;0.0;;
28;29;2;5;2;8;0.0;;
28;29;2;6;2;8;0.0;;
28;29;2;7;2;8;0.0;;
28;29;2;8;2;8;0.0;;
28;29;2;9;2;8;0.0;;
29;30;1;5;2;13;1.0;71,67;
29;30;1;6;2;13;0.0;;
29;30;1;7;2;13;0.0;;
29;30;1;8;2;13;0.0;;
29;30;1;9;2;13;0.0;;
29;30;2;5;2;13;0.0;;
29;30;2;6;2;13;0.0;;
29;30;2;7;2;13;0.0;;
29;30;2;8;2;13;0.0;;
29;30;2;9;2;13;0.0;;
30;31;1;5;2;20;1.0;73,911;
30;31;1;6;2;20;0.0;;
30;31;1;7;2;20;0.0;;
30;31;1;8;2;20;0.0;;
30;31;1;9;2;20;0.0;;
30;31;2;5;2;20;0.0;;
30;31;2;6;2;20;0.0;;
30;31;2;7;2;20;0.0;;
30;31;2;8;2;20;0.0;;
30;31;2;9;2;20;0.0;;
31;32;1;5;2;21;1.0;35,792;
31;32;1;6;2;21;0.0;;
31;32;1;7;2;21;0.0;;
31;32;1;8;2;21;0.0;;
31;32;1;9;2;21;0.0;;
31;32;2;5;2;21;0.0;;
31;32;2;6;2;21;0.0;;
31;32;2;7;2;21;0.0;;
31;32;2;8;2;21;0.0;;
31;32;2;9;2;21;0.0;;
32;33;1;5;2;17;1.0;48,799;
32;33;1;6;2;17;0.0;;
32;33;1;7;2;17;0.0;;
32;33;1;8;2;17;0.0;;
32;33;1;9;2;17;0.0;;
32;33;2;5;2;17;0.0;;
32;33;2;6;2;17;0.0;;
32;33;2;7;2;17;0.0;;
32;33;2;8;2;17;0.0;;
32;33;2;9;2;17;0.0;;
33;34;1;5;2;12;1.0;98,601;
33;34;1;6;2;12;0.0;;
33;34;1;7;2;12;0.0;;
33;34;1;8;2;12;0.0;;
33;34;1;9;2;12;0.0;;
33;34;2;5;2;12;0.0;;
33;34;2;6;2;12;0.0;;
33;34;2;7;2;12;0.0;;
33;34;2;8;2;12;0.0;;
33;34;2;9;2;12;0.0;;
34;35;1;5;2;17;1.0;33,494;
34;35;1;6;2;17;0.0;;
34;35;1;7;2;17;0.0;;
34;35;1;8;2;17;0.0;;
34;35;1;9;2;17;0.0;;
34;35;2;5;2;17;0.0;;
34;35;2;6;2;17;0.0;;
34;35;2;7;2;17;0.0;;
34;35;2;8;2;17;0.0;;
34;35;2;9;2;17;0.0;;
35;36;1;5;2;7;1.0;35,935;
35;36;1;6;2;7;0.0;;
35;36;1;7;2;7;0.0;;
35;36;1;8;2;7;0.0;;
35;36;1;9;2;7;0.0;;
35;36;2;5;2;7;0.0;;
35;36;2;6;2;7;0.0;;
35;36;2;7;2;7;0.0;;
35;36;2;8;2;7;0.0;;
35;36;2;9;2;7;0.0;;
36;37;1;5;2;12;1.0;44,965;
36;37;1;6;2;12;0.0;;
36;37;1;7;2;12;0.0;;
36;37;1;8;2;12;0.0;;
36;37;1;9;2;12;0.0;;
36;37;2;5;2;12;0.0;;
36;37;2;6;2;12;0.0;;
36;37;2;7;2;12;0.0;;
36;37;2;8;2;12;0.0;;
36;37;2;9;2;12;0.0;;
37;38;1;5;2;1;1.0;50,334;
37;38;1;6;2;1;0.0;;
37;38;1;7;2;1;0.0;;
37;38;1;8;2;1;0.0;;
37;38;1;9;2;1;0.0;;
37;38;2;5;2;1;0.0;;
37;38;2;6;2;1;0.0;;
37;38;2;7;2;1;0.0;;
37;38;2;8;2;1;0.0;;
37;38;2;9;2;1;0.0;;
38;39;1;5;2;11;1.0;48,607;
38;39;1;6;2;11;0.0;;
38;39;1;7;2;11;0.0;;
38;39;1;8;2;11;0.0;;
38;39;1;9;2;11;0.0;;
38;39;2;5;2;11;0.0;;
38;39;2;6;2;11;0.0;;
38;39;2;7;2;11;0.0;;
38;39;2;8;2;11;0.0;;
38;39;2;9;2;11;0.0;;
39;40;1;5;2;16;1.0;59,798;
39;40;1;6;2;16;0.0;;
39;40;1;7;2;16;0.0;;
39;40;1;8;2;16;0.0;;
39;40;1;9;2;16;0.0;;
39;40;2;5;2;16;0.0;;
39;40;2;6;2;16;0.0;;
39;40;2;7;2;16;0.0;;
39;40;2;8;2;16;0.0;;
39;40;2;9;2;16;0.0;;
40;41;1;5;2;21;1.0;60,063;
40;41;1;6;2;21;0.0;;
40;41;1;7;2;21;0.0;;
40;41;1;8;2;21;0.0;;
40;41;1;9;2;21;0.0;;
40;41;2;5;2;21;0.0;;
40;41;2;6;2;21;0.0;;
40;41;2;7;2;21;0.0;;
40;41;2;8;2;21;0.0;;
40;41;2;9;2;21;0.0;;
41;42;1;5;2;14;1.0;52,41;
41;42;1;6;2;14;0.0;;
41;42;1;7;2;14;0.0;;
41;42;1;8;2;14;0.0;;
41;42;1;9;2;14;0.0;;
41;42;2;5;2;14;0.0;;
41;42;2;6;2;14;0.0;;
41;42;2;7;2;14;0.0;;
41;42;2;8;2;14;0.0;;
41;42;2;9;2;14;0.0;;
42;43;1;5;2;22;1.0;40,807;
42;43;1;6;2;22;0.0;;
42;43;1;7;2;22;0.0;;
42;43;1;8;2;22;0.0;;
42;43;1;9;2;22;0.0;;
42;43;2;5;2;22;0.0;;
42;43;2;6;2;22;0.0;;
42;43;2;7;2;22;0.0;;
42;43;2;8;2;22;0.0;;
42;43;2;9;2;22;0.0;;
43;44;1;5;2;15;1.0;50,689;
43;44;1;6;2;15;0.0;;
43;44;1;7;2;15;0.0;;
43;44;1;8;2;15;0.0;;
43;44;1;9;2;15;0.0;;
43;44;2;5;2;15;0.0;;
43;44;2;6;2;15;0.0;;
43;44;2;7;2;15;0.0;;
43;44;2;8;2;15;0.0;;
43;44;2;9;2;15;0.0;;
44;45;1;5;2;16;1.0;48,91;
44;45;1;6;2;16;0.0;;
44;45;1;7;2;16;0.0;;
44;45;1;8;2;16;0.0;;
44;45;1;9;2;16;0.0;;
44;45;2;5;2;16;0.0;;
44;45;2;6;2;16;0.0;;
44;45;2;7;2;16;0.0;;
44;45;2;8;2;16;0.0;;
44;45;2;9;2;16;0.0;;
45;46;1;5;2;15;1.0;40,4;
45;46;1;6;2;15;0.0;;
45;46;1;7;2;15;0.0;;
45;46;1;8;2;15;0.0;;
45;46;1;9;2;15;0.0;;
45;46;2;5;2;15;0.0;;
45;46;2;6;2;15;0.0;;
45;46;2;7;2;15;0.0;;
45;46;2;8;2;15;0.0;;
45;46;2;9;2;15;0.0;;
46;47;1;5;2;13;1.0;38,078;
46;47;1;6;2;13;0.0;;
46;47;1;7;2;13;0.0;;
46;47;1;8;2;13;0.0;;
46;47;1;9;2;13;0.0;;
46;47;2;5;2;13;0.0;;
46;47;2;6;2;13;0.0;;
46;47;2;7;2;13;0.0;;
46;47;2;8;2;13;0.0;;
46;47;2;9;2;13;0.0;;
47;48;1;5;2;11;1.0;76,662;
47;48;1;6;2;11;0.0;;
47;48;1;7;2;11;0.0;;
47;48;1;8;2;11;0.0;;
47;48;1;9;2;11;0.0;;
47;48;2;5;2;11;0.0;;
47;48;2;6;2;11;0.0;;
47;48;2;7;2;11;0.0;;
47;48;2;8;2;11;0.0;;
47;48;2;9;2;11;0.0;;
48;49;1;5;3;20;1.0;40,761;
48;49;1;6;3;20;0.0;;
48;49;1;7;3;20;0.0;;
48;49;1;8;3;20;0.0;;
48;49;1;9;3;20;0.0;;
48;49;2;5;3;20;0.0;;
48;49;2;6;3;20;0.0;;
48;49;2;7;3;20;0.0;;
48;49;2;8;3;20;0.0;;
48;49;2;9;3;20;0.0;;
49;50;1;5;3;22;1.0;46,344;
49;50;1;6;3;22;0.0;;
49;50;1;7;3;22;0.0;;
49;50;1;8;3;22;0.0;;
49;50;1;9;3;22;0.0;;
49;50;2;5;3;22;0.0;;
49;50;2;6;3;22;0.0;;
49;50;2;7;3;22;0.0;;
49;50;2;8;3;22;0.0;;
49;50;2;9;3;22;0.0;;
50;51;1;5;3;19;1.0;23,702;
50;51;1;6;3;19;0.0;;
50;51;1;7;3;19;0.0;;
50;51;1;8;3;19;0.0;;
50;51;1;9;3;19;0.0;;
50;51;2;5;3;19;0.0;;
50;51;2;6;3;19;0.0;;
50;51;2;7;3;19;0.0;;
50;51;2;8;3;19;0.0;;
50;51;2;9;3;19;0.0;;
51;52;1;5;3;14;1.0;35,733;
51;52;1;6;3;14;0.0;;
51;52;1;7;3;14;0.0;;
51;52;1;8;3;14;0.0;;
51;52;1;9;3;14;0.0;;
51;52;2;5;3;14;0.0;;
51;52;2;6;3;14;0.0;;
51;52;2;7;3;14;0.0;;
51;52;2;8;3;14;0.0;;
51;52;2;9;3;14;0.0;;
52;53;1;5;3;8;1.0;38,266;
52;53;1;6;3;8;0.0;;
52;53;1;7;3;8;0.0;;
52;53;1;8;3;8;0.0;;
52;53;1;9;3;8;0.0;;
52;53;2;5;3;8;0.0;;
52;53;2;6;3;8;0.0;;
52;53;2;7;3;8;0.0;;
52;53;2;8;3;8;0.0;;
52;53;2;9;3;8;0.0;;
53;54;1;5;3;5;1.0;42,874;
53;54;1;6;3;5;0.0;;
53;54;1;7;3;5;0.0;;
53;54;1;8;3;5;0.0;;
53;54;1;9;3;5;0.0;;
53;54;2;5;3;5;0.0;;
53;54;2;6;3;5;0.0;;
53;54;2;7;3;5;0.0;;
53;54;2;8;3;5;0.0;;
53;54;2;9;3;5;0.0;;
54;55;1;5;3;5;1.0;50,867;
54;55;1;6;3;5;0.0;;
54;55;1;7;3;5;0.0;;
54;55;1;8;3;5;0.0;;
54;55;1;9;3;5;0.0;;
54;55;2;5;3;5;0.0;;
54;55;2;6;3;5;0.0;;
54;55;2;7;3;5;0.0;;
54;55;2;8;3;5;0.0;;
54;55;2;9;3;5;0.0;;
55;56;1;5;3;6;1.0;65,223;
55;56;1;6;3;6;0.0;;
55;56;1;7;3;6;0.0;;
55;56;1;8;3;6;0.0;;
55;56;1;9;3;6;0.0;;
55;56;2;5;3;6;0.0;;
55;56;2;6;3;6;0.0;;
55;56;2;7;3;6;0.0;;
55;56;2;8;3;6;0.0;;
55;56;2;9;3;6;0.0;;
56;57;1;5;3;14;1.0;47,072;
56;57;1;6;3;14;0.0;;
56;57;1;7;3;14;0.0;;
56;57;1;8;3;14;0.0;;
56;57;1;9;3;14;0.0;;
56;57;2;5;3;14;0.0;;
56;57;2;6;3;14;0.0;;
56;57;2;7;3;14;0.0;;
56;57;2;8;3;14;0.0;;
56;57;2;9;3;14;0.0;;
57;58;1;5;3;13;1.0;38,094;
57;58;1;6;3;13;0.0;;
57;58;1;7;3;13;0.0;;
57;58;1;8;3;13;0.0;;
57;58;1;9;3;13;0.0;;
57;58;2;5;3;13;0.0;;
57;58;2;6;3;13;0.0;;
57;58;2;7;3;13;0.0;;
57;58;2;8;3;13;0.0;;
57;58;2;9;3;13;0.0;;
58;59;1;5;3;18;1.0;44,768;
58;59;1;6;3;18;0.0;;
58;59;1;7;3;18;0.0;;
58;59;1;8;3;18;0.0;;
58;59;1;9;3;18;0.0;;
58;59;2;5;3;18;0.0;;
58;59;2;6;3;18;0.0;;
58;59;2;7;3;18;0.0;;
58;59;2;8;3;18;0.0;;
58;59;2;9;3;18;0.0;;
59;60;1;5;3;13;1.0;88,538;
59;60;1;6;3;13;0.0;;
59;60;1;7;3;13;0.0;;
59;60;1;8;3;13;0.0;;
59;60;1;9;3;13;0.0;;
59;60;2;5;3;13;0.0;;
59;60;2;6;3;13;0.0;;
59;60;2;7;3;13;0.0;;
59;60;2;8;3;13;0.0;;
59;60;2;9;3;13;0.0;;
60;61;1;5;3;25;1.0;42,986;
60;61;1;6;3;25;0.0;;
60;61;1;7;3;25;0.0;;
60;61;1;8;3;25;0.0;;
60;61;1;9;3;25;0.0;;
60;61;2;5;3;25;0.0;;
60;61;2;6;3;25;0.0;;
60;61;2;7;3;25;0.0;;
60;61;2;8;3;25;0.0;;
60;61;2;9;3;25;0.0;;
61;62;1;5;3;9;1.0;41,341;
61;62;1;6;3;9;0.0;;
61;62;1;7;3;9;0.0;;
61;62;1;8;3;9;0.0;;
61;62;1;9;3;9;0.0;;
61;62;2;5;3;9;0.0;;
61;62;2;6;3;9;0.0;;
61;62;2;7;3;9;0.0;;
61;62;2;8;3;9;0.0;;
61;62;2;9;3;9;0.0;;
62;63;1;5;3;15;1.0;61,207;
62;63;1;6;3;15;0.0;;
62;63;1;7;3;15;0.0;;
62;63;1;8;3;15;0.0;;
62;63;1;9;3;15;0.0;;
62;63;2;5;3;15;0.0;;
62;63;2;6;3;15;0.0;;
62;63;2;7;3;15;0.0;;
62;63;2;8;3;15;0.0;;
62;63;2;9;3;15;0.0;;
63;64;1;5;3;24;1.0;61,707;
63;64;1;6;3;24;0.0;;
63;64;1;7;3;24;0.0;;
63;64;1;8;3;24;0.0;;
63;64;1;9;3;24;0.0;;
63;64;2;5;3;24;0.0;;
63;64;2;6;3;24;0.0;;
63;64;2;7;3;24;0.0;;
63;64;2;8;3;24;0.0;;
63;64;2;9;3;24;0.0;;
64;65;1;5;4;24;1.0;50,648;
64;65;1;6;4;24;0.0;;
64;65;1;7;4;24;0.0;;
64;65;1;8;4;24;0.0;;
64;65;1;9;4;24;0.0;;
64;65;2;5;4;24;0.0;;
64;65;2;6;4;24;0.0;;
64;65;2;7;4;24;0.0;;
64;65;2;8;4;24;0.0;;
64;65;2;9;4;24;0.0;;
65;66;1;5;4;11;1.0;47,794;
65;66;1;6;4;11;0.0;;
65;66;1;7;4;11;0.0;;
65;66;1;8;4;11;0.0;;
65;66;1;9;4;11;0.0;;
65;66;2;5;4;11;0.0;;
65;66;2;6;4;11;0.0;;
65;66;2;7;4;11;0.0;;
65;66;2;8;4;11;0.0;;
65;66;2;9;4;11;0.0;;
66;67;1;5;4;11;1.0;42,533;
66;67;1;6;4;11;0.0;;
66;67;1;7;4;11;0.0;;
66;67;1;8;4;11;0.0;;
66;67;1;9;4;11;0.0;;
66;67;2;5;4;11;0.0;;
66;67;2;6;4;11;0.0;;
66;67;2;7;4;11;0.0;;
66;67;2;8;4;11;0.0;;
66;67;2;9;4;11;0.0;;
67;68;1;5;4;13;1.0;33,247;
67;68;1;6;4;13;0.0;;
67;68;1;7;4;13;0.0;;
67;68;1;8;4;13;0.0;;
67;68;1;9;4;13;0.0;;
67;68;2;5;4;13;0.0;;
67;68;2;6;4;13;0.0;;
67;68;2;7;4;13;0.0;;
67;68;2;8;4;13;0.0;;
67;68;2;9;4;13;0.0;;
68;69;1;5;4;14;1.0;54,396;
68;69;1;6;4;14;0.0;;
68;69;1;7;4;14;0.0;;
68;69;1;8;4;14;0.0;;
68;69;1;9;4;14;0.0;;
68;69;2;5;4;14;0.0;;
68;69;2;6;4;14;0.0;;
68;69;2;7;4;14;0.0;;
68;69;2;8;4;14;0.0;;
68;69;2;9;4;14;0.0;;
69;70;1;5;4;17;1.0;62,471;
69;70;1;6;4;17;0.0;;
69;70;1;7;4;17;0.0;;
69;70;1;8;4;17;0.0;;
69;70;1;9;4;17;0.0;;
69;70;2;5;4;17;0.0;;
69;70;2;6;4;17;0.0;;
69;70;2;7;4;17;0.0;;
69;70;2;8;4;17;0.0;;
69;70;2;9;4;17;0.0;;
0;71;1;10;4;8;1.0;29,309;
0;71;1;11;4;8;0.0;;
0;71;1;12;4;8;0.0;;
0;71;1;13;4;8;0.0;;
0;71;1;14;4;8;0.0;;
0;71;2;10;4;8;0.0;;
0;71;2;11;4;8;0.0;;
0;71;2;12;4;8;0.0;;
0;71;2;13;4;8;0.0;;
0;71;2;14;4;8;0.0;;
1;72;1;10;4;8;1.0;60,554;
1;72;1;11;4;8;0.0;;
1;72;1;12;4;8;0.0;;
1;72;1;13;4;8;0.0;;
1;72;1;14;4;8;0.0;;
1;72;2;10;4;8;0.0;;
1;72;2;11;4;8;0.0;;
1;72;2;12;4;8;0.0;;
1;72;2;13;4;8;0.0;;
1;72;2;14;4;8;0.0;;
2;73;1;10;4;18;1.0;67,971;
2;73;1;11;4;18;0.0;;
2;73;1;12;4;18;0.0;;
2;73;1;13;4;18;0.0;;
2;73;1;14;4;18;0.0;;
2;73;2;10;4;18;0.0;;
2;73;2;11;4;18;0.0;;
2;73;2;12;4;18;0.0;;
2;73;2;13;4;18;0.0;;
2;73;2;14;4;18;0.0;;
3;74;1;10;4;19;1.0;37,801;
3;74;1;11;4;19;0.0;;
3;74;1;12;4;19;0.0;;
3;74;1;13;4;19;0.0;;
3;74;1;14;4;19;0.0;;
3;74;2;10;4;19;0.0;;
3;74;2;11;4;19;0.0;;
3;74;2;12;4;19;0.0;;
3;74;2;13;4;19;0.0;;
3;74;2;14;4;19;0.0;;
4;75;1;10;4;14;1.0;69,537;
4;75;1;11;4;14;0.0;;
4;75;1;12;4;14;0.0;;
4;75;1;13;4;14;0.0;;
4;75;1;14;4;14;0.0;;
4;75;2;10;4;14;0.0;;
4;75;2;11;4;14;0.0;;
4;75;2;12;4;14;0.0;;
4;75;2;13;4;14;0.0;;
4;75;2;14;4;14;0.0;;
5;76;1;10;4;8;1.0;42,465;
5;76;1;11;4;8;0.0;;
5;76;1;12;4;8;0.0;;
5;76;1;13;4;8;0.0;;
5;76;1;14;4;8;0.0;;
5;76;2;10;4;8;0.0;;
5;76;2;11;4;8;0.0;;
5;76;2;12;4;8;0.0;;
5;76;2;13;4;8;0.0;;
5;76;2;14;4;8;0.0;;
6;77;1;10;4;18;1.0;46,853;
6;77;1;11;4;18;0.0;;
6;77;1;12;4;18;0.0;;
6;77;1;13;4;18;0.0;;
6;77;1;14;4;18;0.0;;
6;77;2;10;4;18;0.0;;
6;77;2;11;4;18;0.0;;
6;77;2;12;4;18;0.0;;
6;77;2;13;4;18;0.0;;
6;77;2;14;4;18;0.0;;
7;78;1;10;4;18;1.0;65,256;
7;78;1;11;4;18;0.0;;
7;78;1;12;4;18;0.0;;
7;78;1;13;4;18;0.0;;
7;78;1;14;4;18;0.0;;
7;78;2;10;4;18;0.0;;
7;78;2;11;4;18;0.0;;
7;78;2;12;4;18;0.0;;
7;78;2;13;4;18;0.0;;
7;78;2;14;4;18;0.0;;
8;79;1;10;4;22;1.0;74,009;
8;79;1;11;4;22;0.0;;
8;79;1;12;4;22;0.0;;
8;79;1;13;4;22;0.0;;
8;79;1;14;4;22;0.0;;
8;79;2;10;4;22;0.0;;
8;79;2;11;4;22;0.0;;
8;79;2;12;4;22;0.0;;
8;79;2;13;4;22;0.0;;
8;79;2;14;4;22;0.0;;
9;80;1;10;4;13;1.0;46,894;
9;80;1;11;4;13;0.0;;
9;80;1;12;4;13;0.0;;
9;80;1;13;4;13;0.0;;
9;80;1;14;4;13;0.0;;
9;80;2;10;4;13;0.0;;
9;80;2;11;4;13;0.0;;
9;80;2;12;4;13;0.0;;
9;80;2;13;4;13;0.0;;
9;80;2;14;4;13;0.0;;
10;81;1;10;4;11;1.0;22,963;
10;81;1;11;4;11;0.0;;
10;81;1;12;4;11;0.0;;
10;81;1;13;4;11;0.0;;
10;81;1;14;4;11;0.0;;
10;81;2;10;4;11;0.0;;
10;81;2;11;4;11;0.0;;
10;81;2;12;4;11;0.0;;
10;81;2;13;4;11;0.0;;
10;81;2;14;4;11;0.0;;
11;82;1;10;4;11;1.0;59,968;
11;82;1;11;4;11;0.0;;
11;82;1;12;4;11;0.0;;
11;82;1;13;4;11;0.0;;
11;82;1;14;4;11;0.0;;
11;82;2;10;4;11;0.0;;
11;82;2;11;4;11;0.0;;
11;82;2;12;4;11;0.0;;
11;82;2;13;4;11;0.0;;
11;82;2;14;4;11;0.0;;
12;83;1;10;4;20;1.0;54,078;
12;83;1;11;4;20;0.0;;
12;83;1;12;4;20;0.0;;
12;83;1;13;4;20;0.0;;
12;83;1;14;4;20;0.0;;
12;83;2;10;4;20;0.0;;
12;83;2;11;4;20;0.0;;
12;83;2;12;4;20;0.0;;
12;83;2;13;4;20;0.0;;
12;83;2;14;4;20;0.0;;
13;84;1;10;4;19;1.0;51,153;
13;84;1;11;4;19;0.0;;
13;84;1;12;4;19;0.0;;
13;84;1;13;4;19;0.0;;
13;84;1;14;4;19;0.0;;
13;84;2;10;4;19;0.0;;
13;84;2;11;4;19;0.0;;
13;84;2;12;4;19;0.0;;
13;84;2;13;4;19;0.0;;
13;84;2;14;4;19;0.0;;
14;85;1;10;4;15;1.0;60,623;
14;85;1;11;4;15;0.0;;
14;85;1;12;4;15;0.0;;
14;85;1;13;4;15;0.0;;
14;85;1;14;4;15;0.0;;
14;85;2;10;4;15;0.0;;
14;85;2;11;4;15;0.0;;
14;85;2;12;4;15;0.0;;
14;85;2;13;4;15;0.0;;
14;85;2;14;4;15;0.0;;
15;86;1;10;4;17;1.0;57,006;
15;86;1;11;4;17;0.0;;
15;86;1;12;4;17;0.0;;
15;86;1;13;4;17;0.0;;
15;86;1;14;4;17;0.0;;
15;86;2;10;4;17;0.0;;
15;86;2;11;4;17;0.0;;
15;86;2;12;4;17;0.0;;
15;86;2;13;4;17;0.0;;
15;86;2;14;4;17;0.0;;
16;87;1;10;4;12;1.0;41,288;
16;87;1;11;4;12;0.0;;
16;87;1;12;4;12;0.0;;
16;87;1;13;4;12;0.0;;
16;87;1;14;4;12;0.0;;
16;87;2;10;4;12;0.0;;
16;87;2;11;4;12;0.0;;
16;87;2;12;4;12;0.0;;
16;87;2;13;4;12;0.0;;
16;87;2;14;4;12;0.0;;
17;88;1;10;4;20;1.0;38,708;
17;88;1;11;4;20;0.0;;
17;88;1;12;4;20;0.0;;
17;88;1;13;4;20;0.0;;
17;88;1;14;4;20;0.0;;
17;88;2;10;4;20;0.0;;
17;88;2;11;4;20;0.0;;
17;88;2;12;4;20;0.0;;
17;88;2;13;4;20;0.0;;
17;88;2;14;4;20;0.0;;
18;89;1;10;4;24;1.0;50,796;
18;89;1;11;4;24;0.0;;
18;89;1;12;4;24;0.0;;
18;89;1;13;4;24;0.0;;
18;89;1;14;4;24;0.0;;
18;89;2;10;4;24;0.0;;
18;89;2;11;4;24;0.0;;
18;89;2;12;4;24;0.0;;
18;89;2;13;4;24;0.0;;
18;89;2;14;4;24;0.0;;
19;90;1;10;4;10;1.0;80,614;
19;90;1;11;4;10;0.0;;
19;90;1;12;4;10;0.0;;
19;90;1;13;4;10;0.0;;
19;90;1;14;4;10;0.0;;
19;90;2;10;4;10;0.0;;
19;90;2;11;4;10;0.0;;
19;90;2;12;4;10;0.0;;
19;90;2;13;4;10;0.0;;
19;90;2;14;4;10;0.0;;
20;91;1;10;4;15;1.0;25,245;
20;91;1;11;4;15;0.0;;
20;91;1;12;4;15;0.0;;
20;91;1;13;4;15;0.0;;
20;91;1;14;4;15;0.0;;
20;91;2;10;4;15;0.0;;
20;91;2;11;4;15;0.0;;
20;91;2;12;4;15;0.0;;
20;91;2;13;4;15;0.0;;
20;91;2;14;4;15;0.0;;
21;92;1;10;4;22;1.0;43,713;
21;92;1;11;4;22;0.0;;
21;92;1;12;4;22;0.0;;
21;92;1;13;4;22;0.0;;
21;92;1;14;4;22;0.0;;
21;92;2;10;4;22;0.0;;
21;92;2;11;4;22;0.0;;
21;92;2;12;4;22;0.0;;
21;92;2;13;4;22;0.0;;
21;92;2;14;4;22;0.0;;
22;93;1;10;4;6;1.0;40,757;
22;93;1;11;4;6;0.0;;
22;93;1;12;4;6;0.0;;
22;93;1;13;4;6;0.0;;
22;93;1;14;4;6;0.0;;
22;93;2;10;4;6;0.0;;
22;93;2;11;4;6;0.0;;
22;93;2;12;4;6;0.0;;
22;93;2;13;4;6;0.0;;
22;93;2;14;4;6;0.0;;
23;94;1;10;4;20;1.0;47,223;
23;94;1;11;4;20;0.0;;
23;94;1;12;4;20;0.0;;
23;94;1;13;4;20;0.0;;
23;94;1;14;4;20;0.0;;
23;94;2;10;4;20;0.0;;
23;94;2;11;4;20;0.0;;
23;94;2;12;4;20;0.0;;
23;94;2;13;4;20;0.0;;
23;94;2;14;4;20;0.0;;
24;95;1;10;4;14;1.0;37,814;
24;95;1;11;4;14;0.0;;
24;95;1;12;4;14;0.0;;
24;95;1;13;4;14;0.0;;
24;95;1;14;4;14;0.0;;
24;95;2;10;4;14;0.0;;
24;95;2;11;4;14;0.0;;
24;95;2;12;4;14;0.0;;
24;95;2;13;4;14;0.0;;
24;95;2;14;4;14;0.0;;
25;96;1;10;4;11;1.0;40,231;
25;96;1;11;4;11;0.0;;
25;96;1;12;4;11;0.0;;
25;96;1;13;4;11;0.0;;
25;96;1;14;4;11;0.0;;
25;96;2;10;4;11;0.0;;
25;96;2;11;4;11;0.0;;
25;96;2;12;4;11;0.0;;
25;96;2;13;4;11;0.0;;
25;96;2;14;4;11;0.0;;
26;97;1;10;4;9;1.0;47,363;
26;97;1;11;4;9;0.0;;
26;97;1;12;4;9;0.0;;
26;97;1;13;4;9;0.0;;
26;97;1;14;4;9;0.0;;
26;97;2;10;4;9;0.0;;
26;97;2;11;4;9;0.0;;
26;97;2;12;4;9;0.0;;
26;97;2;13;4;9;0.0;;
26;97;2;14;4;9;0.0;;
27;98;1;10;5;9;1.0;50,433;
27;98;1;11;5;9;0.0;;
27;98;1;12;5;9;0.0;;
27;98;1;13;5;9;0.0;;
27;98;1;14;5;9;0.0;;
27;98;2;10;5;9;0.0;;
27;98;2;11;5;9;0.0;;
27;98;2;12;5;9;0.0;;
27;98;2;13;5;9;0.0;;
27;98;2;14;5;9;0.0;;
28;99;1;10;5;10;1.0;36,438;
28;99;1;11;5;10;0.0;;
28;99;1;12;5;10;0.0;;
28;99;1;13;5;10;0.0;;
28;99;1;14;5;10;0.0;;
28;99;2;10;5;10;0.0;;
28;99;2;11;5;10;0.0;;
28;99;2;12;5;10;0.0;;
28;99;2;13;5;10;0.0;;
28;99;2;14;5;10;0.0;;
29;100;1;10;5;9;1.0;75,916;
29;100;1;11;5;9;0.0;;
29;100;1;12;5;9;0.0;;
29;100;1;13;5;9;0.0;;
29;100;1;14;5;9;0.0;;
29;100;2;10;5;9;0.0;;
29;100;2;11;5;9;0.0;;
29;100;2;12;5;9;0.0;;
29;100;2;13;5;9;0.0;;
29;100;2;14;5;9;0.0;;
30;101;1;10;5;15;1.0;36,95;
30;101;1;11;5;15;0.0;;
30;101;1;12;5;15;0.0;;
30;101;1;13;5;15;0.0;;
30;101;1;14;5;15;0.0;;
30;101;2;10;5;15;0.0;;
30;101;2;11;5;15;0.0;;
30;101;2;12;5;15;0.0;;
30;101;2;13;5;15;0.0;;
30;101;2;14;5;15;0.0;;
31;102;1;10;5;10;1.0;60,389;
31;102;1;11;5;10;0.0;;
31;102;1;12;5;10;0.0;;
31;102;1;13;5;10;0.0;;
31;102;1;14;5;10;0.0;;
31;102;2;10;5;10;0.0;;
31;102;2;11;5;10;0.0;;
31;102;2;12;5;10;0.0;;
31;102;2;13;5;10;0.0;;
31;102;2;14;5;10;0.0;;
32;103;1;10;5;14;1.0;55,107;
32;103;1;11;5;14;0.0;;
32;103;1;12;5;14;0.0;;
32;103;1;13;5;14;0.0;;
32;103;1;14;5;14;0.0;;
32;103;2;10;5;14;0.0;;
32;103;2;11;5;14;0.0;;
32;103;2;12;5;14;0.0;;
32;103;2;13;5;14;0.0;;
32;103;2;14;5;14;0.0;;
33;104;1;10;5;23;1.0;38,191;
33;104;1;11;5;23;0.0;;
33;104;1;12;5;23;0.0;;
33;104;1;13;5;23;0.0;;
33;104;1;14;5;23;0.0;;
33;104;2;10;5;23;0.0;;
33;104;2;11;5;23;0.0;;
33;104;2;12;5;23;0.0;;
33;104;2;13;5;23;0.0;;
33;104;2;14;5;23;0.0;;
34;105;1;10;5;15;1.0;41,272;
34;105;1;11;5;15;0.0;;
34;105;1;12;5;15;0.0;;
34;105;1;13;5;15;0.0;;
34;105;1;14;5;15;0.0;;
34;105;2;10;5;15;0.0;;
34;105;2;11;5;15;0.0;;
34;105;2;12;5;15;0.0;;
34;105;2;13;5;15;0.0;;
34;105;2;14;5;15;0.0;;
35;106;1;10;5;15;1.0;39,191;
35;106;1;11;5;15;0.0;;
35;106;1;12;5;15;0.0;;
35;106;1;13;5;15;0.0;;
35;106;1;14;5;15;0.0;;
35;106;2;10;5;15;0.0;;
35;106;2;11;5;15;0.0;;
35;106;2;12;5;15;0.0;;
35;106;2;13;5;15;0.0;;
35;106;2;14;5;15;0.0;;
36;107;1;10;5;14;1.0;43,749;
36;107;1;11;5;14;0.0;;
36;107;1;12;5;14;0.0;;
36;107;1;13;5;14;0.0;;
36;107;1;14;5;14;0.0;;
36;107;2;10;5;14;0.0;;
36;107;2;11;5;14;0.0;;
36;107;2;12;5;14;0.0;;
36;107;2;13;5;14;0.0;;
36;107;2;14;5;14;0.0;;
37;108;1;10;5;13;1.0;43,293;
37;108;1;11;5;13;0.0;;
37;108;1;12;5;13;0.0;;
37;108;1;13;5;13;0.0;;
37;108;1;14;5;13;0.0;;
37;108;2;10;5;13;0.0;;
37;108;2;11;5;13;0.0;;
37;108;2;12;5;13;0.0;;
37;108;2;13;5;13;0.0;;
37;108;2;14;5;13;0.0;;
38;109;1;10;5;19;1.0;42,309;
38;109;1;11;5;19;0.0;;
38;109;1;12;5;19;0.0;;
38;109;1;13;5;19;0.0;;
38;109;1;14;5;19;0.0;;
38;109;2;10;5;19;0.0;;
38;109;2;11;5;19;0.0;;
38;109;2;12;5;19;0.0;;
38;109;2;13;5;19;0.0;;
38;109;2;14;5;19;0.0;;
39;110;1;10;5;24;1.0;59,963;
39;110;1;11;5;24;0.0;;
39;110;1;12;5;24;0.0;;
39;110;1;13;5;24;0.0;;
39;110;1;14;5;24;0.0;;
39;110;2;10;5;24;0.0;;
39;110;2;11;5;24;0.0;;
39;110;2;12;5;24;0.0;;
39;110;2;13;5;24;0.0;;
39;110;2;14;5;24;0.0;;
40;111;1;10;5;11;1.0;34,273;
40;111;1;11;5;11;0.0;;
40;111;1;12;5;11;0.0;;
40;111;1;13;5;11;0.0;;
40;111;1;14;5;11;0.0;;
40;111;2;10;5;11;0.0;;
40;111;2;11;5;11;0.0;;
40;111;2;12;5;11;0.0;;
40;111;2;13;5;11;0.0;;
40;111;2;14;5;11;0.0;;
41;112;1;10;5;17;1.0;49,756;
41;112;1;11;5;17;0.0;;
41;112;1;12;5;17;0.0;;
41;112;1;13;5;17;0.0;;
41;112;1;14;5;17;0.0;;
41;112;2;10;5;17;0.0;;
41;112;2;11;5;17;0.0;;
41;112;2;12;5;17;0.0;;
41;112;2;13;5;17;0.0;;
41;112;2;14;5;17;0.0;;
42;113;1;10;5;11;1.0;38,315;
42;113;1;11;5;11;0.0;;
42;113;1;12;5;11;0.0;;
42;113;1;13;5;11;0.0;;
42;113;1;14;5;11;0.0;;
42;113;2;10;5;11;0.0;;
42;113;2;11;5;11;0.0;;
42;113;2;12;5;11;0.0;;
42;113;2;13;5;11;0.0;;
42;113;2;14;5;11;0.0;;
43;114;1;10;5;11;1.0;36,314;
43;114;1;11;5;11;0.0;;
43;114;1;12;5;11;0.0;;
43;114;1;13;5;11;0.0;;
43;114;1;14;5;11;0.0;;
43;114;2;10;5;11;0.0;;
43;114;2;11;5;11;0.0;;
43;114;2;12;5;11;0.0;;
43;114;2;13;5;11;0.0;;
43;114;2;14;5;11;0.0;;
44;115;1;10;5;13;1.0;33,139;
44;115;1;11;5;13;0.0;;
44;115;1;12;5;13;0.0;;
44;115;1;13;5;13;0.0;;
44;115;1;14;5;13;0.0;;
44;115;2;10;5;13;0.0;;
44;115;2;11;5;13;0.0;;
44;115;2;12;5;13;0.0;;
44;115;2;13;5;13;0.0;;
44;115;2;14;5;13;0.0;;
45;116;1;10;5;18;1.0;46,993;
45;116;1;11;5;18;0.0;;
45;116;1;12;5;18;0.0;;
45;116;1;13;5;18;0.0;;
45;116;1;14;5;18;0.0;;
45;116;2;10;5;18;0.0;;
45;116;2;11;5;18;0.0;;
45;116;2;12;5;18;0.0;;
45;116;2;13;5;18;0.0;;
45;116;2;14;5;18;0.0;;
46;117;1;10;5;18;1.0;36,254;
46;117;1;11;5;18;0.0;;
46;117;1;12;5;18;0.0;;
46;117;1;13;5;18;0.0;;
46;117;1;14;5;18;0.0;;
46;117;2;10;5;18;0.0;;
46;117;2;11;5;18;0.0;;
46;117;2;12;5;18;0.0;;
46;117;2;13;5;18;0.0;;
46;117;2;14;5;18;0.0;;
47;118;1;10;5;5;1.0;40,039;
47;118;1;11;5;5;0.0;;
47;118;1;12;5;5;0.0;;
47;118;1;13;5;5;0.0;;
47;118;1;14;5;5;0.0;;
47;118;2;10;5;5;0.0;;
47;118;2;11;5;5;0.0;;
47;118;2;12;5;5;0.0;;
47;118;2;13;5;5;0.0;;
47;118;2;14;5;5;0.0;;
48;119;1;10;5;19;1.0;59,463;
48;119;1;11;5;19;0.0;;
48;119;1;12;5;19;0.0;;
48;119;1;13;5;19;0.0;;
48;119;1;14;5;19;0.0;;
48;119;2;10;5;19;0.0;;
48;119;2;11;5;19;0.0;;
48;119;2;12;5;19;0.0;;
48;119;2;13;5;19;0.0;;
48;119;2;14;5;19;0.0;;
49;120;1;10;5;21;1.0;39,333;
49;120;1;11;5;21;0.0;;
49;120;1;12;5;21;0.0;;
49;120;1;13;5;21;0.0;;
49;120;1;14;5;21;0.0;;
49;120;2;10;5;21;0.0;;
49;120;2;11;5;21;0.0;;
49;120;2;12;5;21;0.0;;
49;120;2;13;5;21;0.0;;
49;120;2;14;5;21;0.0;;
50;121;1;10;6;27;1.0;33,377;
50;121;1;11;6;27;0.0;;
50;121;1;12;6;27;0.0;;
50;121;1;13;6;27;0.0;;
50;121;1;14;6;27;0.0;;
50;121;2;10;6;27;0.0;;
50;121;2;11;6;27;0.0;;
50;121;2;12;6;27;0.0;;
50;121;2;13;6;27;0.0;;
50;121;2;14;6;27;0.0;;
51;122;1;10;6;20;1.0;54,864;
51;122;1;11;6;20;0.0;;
51;122;1;12;6;20;0.0;;
51;122;1;13;6;20;0.0;;
51;122;1;14;6;20;0.0;;
51;122;2;10;6;20;0.0;;
51;122;2;11;6;20;0.0;;
51;122;2;12;6;20;0.0;;
51;122;2;13;6;20;0.0;;
51;122;2;14;6;20;0.0;;
52;123;1;10;6;15;1.0;36,857;
52;123;1;11;6;15;0.0;;
52;123;1;12;6;15;0.0;;
52;123;1;13;6;15;0.0;;
52;123;1;14;6;15;0.0;;
52;123;2;10;6;15;0.0;;
52;123;2;11;6;15;0.0;;
52;123;2;12;6;15;0.0;;
52;123;2;13;6;15;0.0;;
52;123;2;14;6;15;0.0;;
53;124;1;10;6;7;1.0;47,179;
53;124;1;11;6;7;0.0;;
53;124;1;12;6;7;0.0;;
53;124;1;13;6;7;0.0;;
53;124;1;14;6;7;0.0;;
53;124;2;10;6;7;0.0;;
53;124;2;11;6;7;0.0;;
53;124;2;12;6;7;0.0;;
53;124;2;13;6;7;0.0;;
53;124;2;14;6;7;0.0;;
54;125;1;10;6;22;1.0;48,634;
54;125;1;11;6;22;0.0;;
54;125;1;12;6;22;0.0;;
54;125;1;13;6;22;0.0;;
54;125;1;14;6;22;0.0;;
54;125;2;10;6;22;0.0;;
54;125;2;11;6;22;0.0;;
54;125;2;12;6;22;0.0;;
54;125;2;13;6;22;0.0;;
54;125;2;14;6;22;0.0;;
55;126;1;10;6;7;1.0;46,139;
55;126;1;11;6;7;0.0;;
55;126;1;12;6;7;0.0;;
55;126;1;13;6;7;0.0;;
55;126;1;14;6;7;0.0;;
55;126;2;10;6;7;0.0;;
55;126;2;11;6;7;0.0;;
55;126;2;12;6;7;0.0;;
55;126;2;13;6;7;0.0;;
55;126;2;14;6;7;0.0;;
56;127;1;10;6;15;1.0;43,966;
56;127;1;11;6;15;0.0;;
56;127;1;12;6;15;0.0;;
56;127;1;13;6;15;0.0;;
56;127;1;14;6;15;0.0;;
56;127;2;10;6;15;0.0;;
56;127;2;11;6;15;0.0;;
56;127;2;12;6;15;0.0;;
56;127;2;13;6;15;0.0;;
56;127;2;14;6;15;0.0;;
57;128;1;10;6;16;1.0;112,85;
57;128;1;11;6;16;0.0;;
57;128;1;12;6;16;0.0;;
57;128;1;13;6;16;0.0;;
57;128;1;14;6;16;0.0;;
57;128;2;10;6;16;0.0;;
57;128;2;11;6;16;0.0;;
57;128;2;12;6;16;0.0;;
57;128;2;13;6;16;0.0;;
57;128;2;14;6;16;0.0;;
58;129;1;10;6;16;1.0;38,108;
58;129;1;11;6;16;0.0;;
58;129;1;12;6;16;0.0;;
58;129;1;13;6;16;0.0;;
58;129;1;14;6;16;0.0;;
58;129;2;10;6;16;0.0;;
58;129;2;11;6;16;0.0;;
58;129;2;12;6;16;0.0;;
58;129;2;13;6;16;0.0;;
58;129;2;14;6;16;0.0;;
59;130;1;10;6;12;1.0;59,103;
59;130;1;11;6;12;0.0;;
59;130;1;12;6;12;0.0;;
59;130;1;13;6;12;0.0;;
59;130;1;14;6;12;0.0;;
59;130;2;10;6;12;0.0;;
59;130;2;11;6;12;0.0;;
59;130;2;12;6;12;0.0;;
59;130;2;13;6;12;0.0;;
59;130;2;14;6;12;0.0;;
60;131;1;10;6;17;1.0;38,833;
60;131;1;11;6;17;0.0;;
60;131;1;12;6;17;0.0;;
60;131;1;13;6;17;0.0;;
60;131;1;14;6;17;0.0;;
60;131;2;10;6;17;0.0;;
60;131;2;11;6;17;0.0;;
60;131;2;12;6;17;0.0;;
60;131;2;13;6;17;0.0;;
60;131;2;14;6;17;0.0;;
61;132;1;10;6;10;1.0;46,122;
61;132;1;11;6;10;0.0;;
61;132;1;12;6;10;0.0;;
61;132;1;13;6;10;0.0;;
61;132;1;14;6;10;0.0;;
61;132;2;10;6;10;0.0;;
61;132;2;11;6;10;0.0;;
61;132;2;12;6;10;0.0;;
61;132;2;13;6;10;0.0;;
61;132;2;14;6;10;0.0;;
62;133;1;10;6;0;1.0;38,047;
62;133;1;11;6;0;0.0;;
62;133;1;12;6;0;0.0;;
62;133;1;13;6;0;0.0;;
62;133;1;14;6;0;0.0;;
62;133;2;10;6;0;0.0;;
62;133;2;11;6;0;0.0;;
62;133;2;12;6;0;0.0;;
62;133;2;13;6;0;0.0;;
62;133;2;14;6;0;0.0;;
63;134;1;10;6;23;1.0;37,123;
63;134;1;11;6;23;0.0;;
63;134;1;12;6;23;0.0;;
63;134;1;13;6;23;0.0;;
63;134;1;14;6;23;0.0;;
63;134;2;10;6;23;0.0;;
63;134;2;11;6;23;0.0;;
63;134;2;12;6;23;0.0;;
63;134;2;13;6;23;0.0;;
63;134;2;14;6;23;0.0;;
64;135;1;10;6;25;1.0;54,597;
64;135;1;11;6;25;0.0;;
64;135;1;12;6;25;0.0;;
64;135;1;13;6;25;0.0;;
64;135;1;14;6;25;0.0;;
64;135;2;10;6;25;0.0;;
64;135;2;11;6;25;0.0;;
64;135;2;12;6;25;0.0;;
64;135;2;13;6;25;0.0;;
64;135;2;14;6;25;0.0;;
65;136;1;10;6;17;1.0;64,413;
65;136;1;11;6;17;0.0;;
65;136;1;12;6;17;0.0;;
65;136;1;13;6;17;0.0;;
65;136;1;14;6;17;0.0;;
65;136;2;10;6;17;0.0;;
65;136;2;11;6;17;0.0;;
65;136;2;12;6;17;0.0;;
65;136;2;13;6;17;0.0;;
65;136;2;14;6;17;0.0;;
66;137;1;10;6;20;1.0;38,131;
66;137;1;11;6;20;0.0;;
66;137;1;12;6;20;0.0;;
66;137;1;13;6;20;0.0;;
66;137;1;14;6;20;0.0;;
66;137;2;10;6;20;0.0;;
66;137;2;11;6;20;0.0;;
66;137;2;12;6;20;0.0;;
66;137;2;13;6;20;0.0;;
66;137;2;14;6;20;0.0;;
67;138;1;10;6;17;1.0;55,279;
67;138;1;11;6;17;0.0;;
67;138;1;12;6;17;0.0;;
67;138;1;13;6;17;0.0;;
67;138;1;14;6;17;0.0;;
67;138;2;10;6;17;0.0;;
67;138;2;11;6;17;0.0;;
67;138;2;12;6;17;0.0;;
67;138;2;13;6;17;0.0;;
67;138;2;14;6;17;0.0;;
68;139;1;10;6;20;1.0;81,493;
68;139;1;11;6;20;0.0;;
68;139;1;12;6;20;0.0;;
68;139;1;13;6;20;0.0;;
68;139;1;14;6;20;0.0;;
68;139;2;10;6;20;0.0;;
68;139;2;11;6;20;0.0;;
68;139;2;12;6;20;0.0;;
68;139;2;13;6;20;0.0;;
68;139;2;14;6;20;0.0;;
69;140;1;10;6;8;1.0;54,218;
69;140;1;11;6;8;0.0;;
69;140;1;12;6;8;0.0;;
69;140;1;13;6;8;0.0;;
69;140;1;14;6;8;0.0;;
69;140;2;10;6;8;0.0;;
69;140;2;11;6;8;0.0;;
69;140;2;12;6;8;0.0;;
69;140;2;13;6;8;0.0;;
69;140;2;14;6;8;0.0;;
0;141;1;15;6;14;1.0;52,064;
0;141;1;16;6;14;0.0;;
0;141;1;17;6;14;0.0;;
0;141;1;18;6;14;0.0;;
0;141;1;19;6;14;0.0;;
0;141;2;15;6;14;0.0;;
0;141;2;16;6;14;0.0;;
0;141;2;17;6;14;0.0;;
0;141;2;18;6;14;0.0;;
0;141;2;19;6;14;0.0;;
1;142;1;15;6;17;1.0;54,929;
1;142;1;16;6;17;0.0;;
1;142;1;17;6;17;0.0;;
1;142;1;18;6;17;0.0;;
1;142;1;19;6;17;0.0;;
1;142;2;15;6;17;0.0;;
1;142;2;16;6;17;0.0;;
1;142;2;17;6;17;0.0;;
1;142;2;18;6;17;0.0;;
1;142;2;19;6;17;0.0;;
2;143;1;15;6;9;1.0;42,998;
2;143;1;16;6;9;0.0;;
2;143;1;17;6;9;0.0;;
2;143;1;18;6;9;0.0;;
2;143;1;19;6;9;0.0;;
2;143;2;15;6;9;0.0;;
2;143;2;16;6;9;0.0;;
2;143;2;17;6;9;0.0;;
2;143;2;18;6;9;0.0;;
2;143;2;19;6;9;0.0;;
3;144;1;15;6;13;1.0;44,55;
3;144;1;16;6;13;0.0;;
3;144;1;17;6;13;0.0;;
3;144;1;18;6;13;0.0;;
3;144;1;19;6;13;0.0;;
3;144;2;15;6;13;0.0;;
3;144;2;16;6;13;0.0;;
3;144;2;17;6;13;0.0;;
3;144;2;18;6;13;0.0;;
3;144;2;19;6;13;0.0;;
4;145;1;15;6;17;1.0;51,251;
4;145;1;16;6;17;0.0;;
4;145;1;17;6;17;0.0;;
4;145;1;18;6;17;0.0;;
4;145;1;19;6;17;0.0;;
4;145;2;15;6;17;0.0;;
4;145;2;16;6;17;0.0;;
4;145;2;17;6;17;0.0;;
4;145;2;18;6;17;0.0;;
4;145;2;19;6;17;0.0;;
5;146;1;15;7;6;1.0;40,534;
5;146;1;16;7;6;0.0;;
5;146;1;17;7;6;0.0;;
5;146;1;18;7;6;0.0;;
5;146;1;19;7;6;0.0;;
5;146;2;15;7;6;0.0;;
5;146;2;16;7;6;0.0;;
5;146;2;17;7;6;0.0;;
5;146;2;18;7;6;0.0;;
5;146;2;19;7;6;0.0;;
6;147;1;15;7;21;1.0;42,016;
6;147;1;16;7;21;0.0;;
6;147;1;17;7;21;0.0;;
6;147;1;18;7;21;0.0;;
6;147;1;19;7;21;0.0;;
6;147;2;15;7;21;0.0;;
6;147;2;16;7;21;0.0;;
6;147;2;17;7;21;0.0;;
6;147;2;18;7;21;0.0;;
6;147;2;19;7;21;0.0;;
7;148;1;15;7;7;1.0;31,861;
7;148;1;16;7;7;0.0;;
7;148;1;17;7;7;0.0;;
7;148;1;18;7;7;0.0;;
7;148;1;19;7;7;0.0;;
7;148;2;15;7;7;0.0;;
7;148;2;16;7;7;0.0;;
7;148;2;17;7;7;0.0;;
7;148;2;18;7;7;0.0;;
7;148;2;19;7;7;0.0;;
8;149;1;15;7;18;1.0;50,901;
8;149;1;16;7;18;0.0;;
8;149;1;17;7;18;0.0;;
8;149;1;18;7;18;0.0;;
8;149;1;19;7;18;0.0;;
8;149;2;15;7;18;0.0;;
8;149;2;16;7;18;0.0;;
8;149;2;17;7;18;0.0;;
8;149;2;18;7;18;0.0;;
8;149;2;19;7;18;0.0;;
9;150;1;15;7;14;1.0;44,688;
9;150;1;16;7;14;0.0;;
9;150;1;17;7;14;0.0;;
9;150;1;18;7;14;0.0;;
9;150;1;19;7;14;0.0;;
9;150;2;15;7;14;0.0;;
9;150;2;16;7;14;0.0;;
9;150;2;17;7;14;0.0;;
9;150;2;18;7;14;0.0;;
9;150;2;19;7;14;0.0;;
10;151;1;15;7;13;1.0;45,857;
10;151;1;16;7;13;0.0;;
10;151;1;17;7;13;0.0;;
10;151;1;18;7;13;0.0;;
10;151;1;19;7;13;0.0;;
10;151;2;15;7;13;0.0;;
10;151;2;16;7;13;0.0;;
10;151;2;17;7;13;0.0;;
10;151;2;18;7;13;0.0;;
10;151;2;19;7;13;0.0;;
11;152;1;15;7;7;1.0;43,89;
11;152;1;16;7;7;0.0;;
11;152;1;17;7;7;0.0;;
11;152;1;18;7;7;0.0;;
11;152;1;19;7;7;0.0;;
11;152;2;15;7;7;0.0;;
11;152;2;16;7;7;0.0;;
11;152;2;17;7;7;0.0;;
11;152;2;18;7;7;0.0;;
11;152;2;19;7;7;0.0;;
12;153;1;15;7;22;1.0;36,006;
12;153;1;16;7;22;0.0;;
12;153;1;17;7;22;0.0;;
12;153;1;18;7;22;0.0;;
12;153;1;19;7;22;0.0;;
12;153;2;15;7;22;0.0;;
12;153;2;16;7;22;0.0;;
12;153;2;17;7;22;0.0;;
12;153;2;18;7;22;0.0;;
12;153;2;19;7;22;0.0;;
13;154;1;15;7;21;1.0;64,86;
13;154;1;16;7;21;0.0;;
13;154;1;17;7;21;0.0;;
13;154;1;18;7;21;0.0;;
13;154;1;19;7;21;0.0;;
13;154;2;15;7;21;0.0;;
13;154;2;16;7;21;0.0;;
13;154;2;17;7;21;0.0;;
13;154;2;18;7;21;0.0;;
13;154;2;19;7;21;0.0;;
14;155;1;15;7;23;1.0;48,183;
14;155;1;16;7;23;0.0;;
14;155;1;17;7;23;0.0;;
14;155;1;18;7;23;0.0;;
14;155;1;19;7;23;0.0;;
14;155;2;15;7;23;0.0;;
14;155;2;16;7;23;0.0;;
14;155;2;17;7;23;0.0;;
14;155;2;18;7;23;0.0;;
14;155;2;19;7;23;0.0;;
15;156;1;15;7;16;1.0;26,168;
15;156;1;16;7;16;0.0;;
15;156;1;17;7;16;0.0;;
15;156;1;18;7;16;0.0;;
15;156;1;19;7;16;0.0;;
15;156;2;15;7;16;0.0;;
15;156;2;16;7;16;0.0;;
15;156;2;17;7;16;0.0;;
15;156;2;18;7;16;0.0;;
15;156;2;19;7;16;0.0;;
16;157;1;15;7;14;1.0;64,802;
16;157;1;16;7;14;0.0;;
16;157;1;17;7;14;0.0;;
16;157;1;18;7;14;0.0;;
16;157;1;19;7;14;0.0;;
16;157;2;15;7;14;0.0;;
16;157;2;16;7;14;0.0;;
16;157;2;17;7;14;0.0;;
16;157;2;18;7;14;0.0;;
16;157;2;19;7;14;0.0;;
17;158;1;15;7;10;1.0;37,425;
17;158;1;16;7;10;0.0;;
17;158;1;17;7;10;0.0;;
17;158;1;18;7;10;0.0;;
17;158;1;19;7;10;0.0;;
17;158;2;15;7;10;0.0;;
17;158;2;16;7;10;0.0;;
17;158;2;17;7;10;0.0;;
17;158;2;18;7;10;0.0;;
17;158;2;19;7;10;0.0;;
18;159;1;15;7;23;1.0;61,556;
18;159;1;16;7;23;0.0;;
18;159;1;17;7;23;0.0;;
18;159;1;18;7;23;0.0;;
18;159;1;19;7;23;0.0;;
18;159;2;15;7;23;0.0;;
18;159;2;16;7;23;0.0;;
18;159;2;17;7;23;0.0;;
18;159;2;18;7;23;0.0;;
18;159;2;19;7;23;0.0;;
19;160;1;15;7;16;1.0;64,733;
19;160;1;16;7;16;0.0;;
19;160;1;17;7;16;0.0;;
19;160;1;18;7;16;0.0;;
19;160;1;19;7;16;0.0;;
19;160;2;15;7;16;0.0;;
19;160;2;16;7;16;0.0;;
19;160;2;17;7;16;0.0;;
19;160;2;18;7;16;0.0;;
19;160;2;19;7;16;0.0;;
20;161;1;15;7;16;1.0;46,44;
20;161;1;16;7;16;0.0;;
20;161;1;17;7;16;0.0;;
20;161;1;18;7;16;0.0;;
20;161;1;19;7;16;0.0;;
20;161;2;15;7;16;0.0;;
20;161;2;16;7;16;0.0;;
20;161;2;17;7;16;0.0;;
20;161;2;18;7;16;0.0;;
20;161;2;19;7;16;0.0;;
21;162;1;15;7;18;1.0;51,727;
21;162;1;16;7;18;0.0;;
21;162;1;17;7;18;0.0;;
21;162;1;18;7;18;0.0;;
21;162;1;19;7;18;0.0;;
21;162;2;15;7;18;0.0;;
21;162;2;16;7;18;0.0;;
21;162;2;17;7;18;0.0;;
21;162;2;18;7;18;0.0;;
21;162;2;19;7;18;0.0;;
22;163;1;15;7;17;1.0;58,074;
22;163;1;16;7;17;0.0;;
22;163;1;17;7;17;0.0;;
22;163;1;18;7;17;0.0;;
22;163;1;19;7;17;0.0;;
22;163;2;15;7;17;0.0;;
22;163;2;16;7;17;0.0;;
22;163;2;17;7;17;0.0;;
22;163;2;18;7;17;0.0;;
22;163;2;19;7;17;0.0;;
23;164;1;15;7;20;1.0;30,561;
23;164;1;16;7;20;0.0;;
23;164;1;17;7;20;0.0;;
23;164;1;18;7;20;0.0;;
23;164;1;19;7;20;0.0;;
23;164;2;15;7;20;0.0;;
23;164;2;16;7;20;0.0;;
23;164;2;17;7;20;0.0;;
23;164;2;18;7;20;0.0;;
23;164;2;19;7;20;0.0;;
24;165;1;15;7;3;1.0;26,709;
24;165;1;16;7;3;0.0;;
24;165;1;17;7;3;0.0;;
24;165;1;18;7;3;0.0;;
24;165;1;19;7;3;0.0;;
24;165;2;15;7;3;0.0;;
24;165;2;16;7;3;0.0;;
24;165;2;17;7;3;0.0;;
24;165;2;18;7;3;0.0;;
24;165;2;19;7;3;0.0;;
25;166;1;15;8;22;1.0;50,785;
25;166;1;16;8;22;0.0;;
25;166;1;17;8;22;0.0;;
25;166;1;18;8;22;0.0;;
25;166;1;19;8;22;0.0;;
25;166;2;15;8;22;0.0;;
25;166;2;16;8;22;0.0;;
25;166;2;17;8;22;0.0;;
25;166;2;18;8;22;0.0;;
25;166;2;19;8;22;0.0;;
26;167;1;15;8;6;1.0;36,246;
26;167;1;16;8;6;0.0;;
26;167;1;17;8;6;0.0;;
26;167;1;18;8;6;0.0;;
26;167;1;19;8;6;0.0;;
26;167;2;15;8;6;0.0;;
26;167;2;16;8;6;0.0;;
26;167;2;17;8;6;0.0;;
26;167;2;18;8;6;0.0;;
26;167;2;19;8;6;0.0;;
27;168;1;15;8;10;1.0;67,616;
27;168;1;16;8;10;0.0;;
27;168;1;17;8;10;0.0;;
27;168;1;18;8;10;0.0;;
27;168;1;19;8;10;0.0;;
27;168;2;15;8;10;0.0;;
27;168;2;16;8;10;0.0;;
27;168;2;17;8;10;0.0;;
27;168;2;18;8;10;0.0;;
27;168;2;19;8;10;0.0;;
28;169;1;15;8;9;1.0;32,356;
28;169;1;16;8;9;0.0;;
28;169;1;17;8;9;0.0;;
28;169;1;18;8;9;0.0;;
28;169;1;19;8;9;0.0;;
28;169;2;15;8;9;0.0;;
28;169;2;16;8;9;0.0;;
28;169;2;17;8;9;0.0;;
28;169;2;18;8;9;0.0;;
28;169;2;19;8;9;0.0;;
29;170;1;15;8;20;1.0;32,748;
29;170;1;16;8;20;0.0;;
29;170;1;17;8;20;0.0;;
29;170;1;18;8;20;0.0;;
29;170;1;19;8;20;0.0;;
29;170;2;15;8;20;0.0;;
29;170;2;16;8;20;0.0;;
29;170;2;17;8;20;0.0;;
29;170;2;18;8;20;0.0;;
29;170;2;19;8;20;0.0;;
30;171;1;15;8;11;1.0;42,598;
30;171;1;16;8;11;0.0;;
30;171;1;17;8;11;0.0;;
30;171;1;18;8;11;0.0;;
30;171;1;19;8;11;0.0;;
30;171;2;15;8;11;0.0;;
30;171;2;16;8;11;0.0;;
30;171;2;17;8;11;0.0;;
30;171;2;18;8;11;0.0;;
30;171;2;19;8;11;0.0;;
31;172;1;15;8;18;1.0;36,658;
31;172;1;16;8;18;0.0;;
31;172;1;17;8;18;0.0;;
31;172;1;18;8;18;0.0;;
31;172;1;19;8;18;0.0;;
31;172;2;15;8;18;0.0;;
31;172;2;16;8;18;0.0;;
31;172;2;17;8;18;0.0;;
31;172;2;18;8;18;0.0;;
31;172;2;19;8;18;0.0;;
32;173;1;15;8;11;1.0;49,774;
32;173;1;16;8;11;0.0;;
32;173;1;17;8;11;0.0;;
32;173;1;18;8;11;0.0;;
32;173;1;19;8;11;0.0;;
32;173;2;15;8;11;0.0;;
32;173;2;16;8;11;0.0;;
32;173;2;17;8;11;0.0;;
32;173;2;18;8;11;0.0;;
32;173;2;19;8;11;0.0;;
33;174;1;15;8;18;1.0;23,754;
33;174;1;16;8;18;0.0;;
33;174;1;17;8;18;0.0;;
33;174;1;18;8;18;0.0;;
33;174;1;19;8;18;0.0;;
33;174;2;15;8;18;0.0;;
33;174;2;16;8;18;0.0;;
33;174;2;17;8;18;0.0;;
33;174;2;18;8;18;0.0;;
33;174;2;19;8;18;0.0;;
34;175;1;15;8;11;1.0;86,268;
34;175;1;16;8;11;0.0;;
34;175;1;17;8;11;0.0;;
34;175;1;18;8;11;0.0;;
34;175;1;19;8;11;0.0;;
34;175;2;15;8;11;0.0;;
34;175;2;16;8;11;0.0;;
34;175;2;17;8;11;0.0;;
34;175;2;18;8;11;0.0;;
34;175;2;19;8;11;0.0;;
35;176;1;15;8;8;1.0;49,168;
35;176;1;16;8;8;0.0;;
35;176;1;17;8;8;0.0;;
35;176;1;18;8;8;0.0;;
35;176;1;19;8;8;0.0;;
35;176;2;15;8;8;0.0;;
35;176;2;16;8;8;0.0;;
35;176;2;17;8;8;0.0;;
35;176;2;18;8;8;0.0;;
35;176;2;19;8;8;0.0;;
36;177;1;15;8;14;1.0;38,819;
36;177;1;16;8;14;0.0;;
36;177;1;17;8;14;0.0;;
36;177;1;18;8;14;0.0;;
36;177;1;19;8;14;0.0;;
36;177;2;15;8;14;0.0;;
36;177;2;16;8;14;0.0;;
36;177;2;17;8;14;0.0;;
36;177;2;18;8;14;0.0;;
36;177;2;19;8;14;0.0;;
37;178;1;15;8;12;1.0;65,962;
37;178;1;16;8;12;0.0;;
37;178;1;17;8;12;0.0;;
37;178;1;18;8;12;0.0;;
37;178;1;19;8;12;0.0;;
37;178;2;15;8;12;0.0;;
37;178;2;16;8;12;0.0;;
37;178;2;17;8;12;0.0;;
37;178;2;18;8;12;0.0;;
37;178;2;19;8;12;0.0;;
38;179;1;15;8;19;1.0;29,618;
38;179;1;16;8;19;0.0;;
38;179;1;17;8;19;0.0;;
38;179;1;18;8;19;0.0;;
38;179;1;19;8;19;0.0;;
38;179;2;15;8;19;0.0;;
38;179;2;16;8;19;0.0;;
38;179;2;17;8;19;0.0;;
38;179;2;18;8;19;0.0;;
38;179;2;19;8;19;0.0;;
39;180;1;15;8;17;1.0;53,105;
39;180;1;16;8;17;0.0;;
39;180;1;17;8;17;0.0;;
39;180;1;18;8;17;0.0;;
39;180;1;19;8;17;0.0;;
39;180;2;15;8;17;0.0;;
39;180;2;16;8;17;0.0;;
39;180;2;17;8;17;0.0;;
39;180;2;18;8;17;0.0;;
39;180;2;19;8;17;0.0;;
40;181;1;15;8;21;1.0;67,37;
40;181;1;16;8;21;0.0;;
40;181;1;17;8;21;0.0;;
40;181;1;18;8;21;0.0;;
40;181;1;19;8;21;0.0;;
40;181;2;15;8;21;0.0;;
40;181;2;16;8;21;0.0;;
40;181;2;17;8;21;0.0;;
40;181;2;18;8;21;0.0;;
40;181;2;19;8;21;0.0;;
41;182;1;15;8;18;1.0;55,675;
41;182;1;16;8;18;0.0;;
41;182;1;17;8;18;0.0;;
41;182;1;18;8;18;0.0;;
41;182;1;19;8;18;0.0;;
41;182;2;15;8;18;0.0;;
41;182;2;16;8;18;0.0;;
41;182;2;17;8;18;0.0;;
41;182;2;18;8;18;0.0;;
41;182;2;19;8;18;0.0;;
42;183;1;15;8;9;1.0;50,472;
42;183;1;16;8;9;0.0;;
42;183;1;17;8;9;0.0;;
42;183;1;18;8;9;0.0;;
42;183;1;19;8;9;0.0;;
42;183;2;15;8;9;0.0;;
42;183;2;16;8;9;0.0;;
42;183;2;17;8;9;0.0;;
42;183;2;18;8;9;0.0;;
42;183;2;19;8;9;0.0;;
43;184;1;15;8;11;1.0;51,978;
43;184;1;16;8;11;0.0;;
43;184;1;17;8;11;0.0;;
43;184;1;18;8;11;0.0;;
43;184;1;19;8;11;0.0;;
43;184;2;15;8;11;0.0;;
43;184;2;16;8;11;0.0;;
43;184;2;17;8;11;0.0;;
43;184;2;18;8;11;0.0;;
43;184;2;19;8;11;0.0;;
44;185;1;15;8;15;1.0;45,932;
44;185;1;16;8;15;0.0;;
44;185;1;17;8;15;0.0;;
44;185;1;18;8;15;0.0;;
44;185;1;19;8;15;0.0;;
44;185;2;15;8;15;0.0;;
44;185;2;16;8;15;0.0;;
44;185;2;17;8;15;0.0;;
44;185;2;18;8;15;0.0;;
44;185;2;19;8;15;0.0;;
45;186;1;15;8;8;1.0;57,194;
45;186;1;16;8;8;0.0;;
45;186;1;17;8;8;0.0;;
45;186;1;18;8;8;0.0;;
45;186;1;19;8;8;0.0;;
45;186;2;15;8;8;0.0;;
45;186;2;16;8;8;0.0;;
45;186;2;17;8;8;0.0;;
45;186;2;18;8;8;0.0;;
45;186;2;19;8;8;0.0;;
46;187;1;15;8;23;1.0;43,958;
46;187;1;16;8;23;0.0;;
46;187;1;17;8;23;0.0;;
46;187;1;18;8;23;0.0;;
46;187;1;19;8;23;0.0;;
46;187;2;15;8;23;0.0;;
46;187;2;16;8;23;0.0;;
46;187;2;17;8;23;0.0;;
46;187;2;18;8;23;0.0;;
46;187;2;19;8;23;0.0;;
47;188;1;15;8;25;1.0;90,063;
47;188;1;16;8;25;0.0;;
47;188;1;17;8;25;0.0;;
47;188;1;18;8;25;0.0;;
47;188;1;19;8;25;0.0;;
47;188;2;15;8;25;0.0;;
47;188;2;16;8;25;0.0;;
47;188;2;17;8;25;0.0;;
47;188;2;18;8;25;0.0;;
47;188;2;19;8;25;0.0;;
48;189;1;15;8;18;1.0;41,143;
48;189;1;16;8;18;0.0;;
48;189;1;17;8;18;0.0;;
48;189;1;18;8;18;0.0;;
48;189;1;19;8;18;0.0;;
48;189;2;15;8;18;0.0;;
48;189;2;16;8;18;0.0;;
48;189;2;17;8;18;0.0;;
48;189;2;18;8;18;0.0;;
48;189;2;19;8;18;0.0;;
49;190;1;15;8;13;1.0;40,739;
49;190;1;16;8;13;0.0;;
49;190;1;17;8;13;0.0;;
49;190;1;18;8;13;0.0;;
49;190;1;19;8;13;0.0;;
49;190;2;15;8;13;0.0;;
49;190;2;16;8;13;0.0;;
49;190;2;17;8;13;0.0;;
49;190;2;18;8;13;0.0;;
49;190;2;19;8;13;0.0;;
50;191;1;15;8;18;1.0;66,681;
50;191;1;16;8;18;0.0;;
50;191;1;17;8;18;0.0;;
50;191;1;18;8;18;0.0;;
50;191;1;19;8;18;0.0;;
50;191;2;15;8;18;0.0;;
50;191;2;16;8;18;0.0;;
50;191;2;17;8;18;0.0;;
50;191;2;18;8;18;0.0;;
50;191;2;19;8;18;0.0;;
51;192;1;15;8;8;1.0;50,154;
51;192;1;16;8;8;0.0;;
51;192;1;17;8;8;0.0;;
51;192;1;18;8;8;0.0;;
51;192;1;19;8;8;0.0;;
51;192;2;15;8;8;0.0;;
51;192;2;16;8;8;0.0;;
51;192;2;17;8;8;0.0;;
51;192;2;18;8;8;0.0;;
51;192;2;19;8;8;0.0;;
52;193;1;15;8;18;1.0;42,242;
52;193;1;16;8;18;0.0;;
52;193;1;17;8;18;0.0;;
52;193;1;18;8;18;0.0;;
52;193;1;19;8;18;0.0;;
52;193;2;15;8;18;0.0;;
52;193;2;16;8;18;0.0;;
52;193;2;17;8;18;0.0;;
52;193;2;18;8;18;0.0;;
52;193;2;19;8;18;0.0;;
53;194;1;15;9;11;1.0;60,294;
53;194;1;16;9;11;0.0;;
53;194;1;17;9;11;0.0;;
53;194;1;18;9;11;0.0;;
53;194;1;19;9;11;0.0;;
53;194;2;15;9;11;0.0;;
53;194;2;16;9;11;0.0;;
53;194;2;17;9;11;0.0;;
53;194;2;18;9;11;0.0;;
53;194;2;19;9;11;0.0;;
54;195;1;15;9;20;1.0;40,302;
54;195;1;16;9;20;0.0;;
54;195;1;17;9;20;0.0;;
54;195;1;18;9;20;0.0;;
54;195;1;19;9;20;0.0;;
54;195;2;15;9;20;0.0;;
54;195;2;16;9;20;0.0;;
54;195;2;17;9;20;0.0;;
54;195;2;18;9;20;0.0;;
54;195;2;19;9;20;0.0;;
55;196;1;15;9;16;1.0;44,581;
55;196;1;16;9;16;0.0;;
55;196;1;17;9;16;0.0;;
55;196;1;18;9;16;0.0;;
55;196;1;19;9;16;0.0;;
55;196;2;15;9;16;0.0;;
55;196;2;16;9;16;0.0;;
55;196;2;17;9;16;0.0;;
55;196;2;18;9;16;0.0;;
55;196;2;19;9;16;0.0;;
56;197;1;15;9;11;1.0;72,191;
56;197;1;16;9;11;0.0;;
56;197;1;17;9;11;0.0;;
56;197;1;18;9;11;0.0;;
56;197;1;19;9;11;0.0;;
56;197;2;15;9;11;0.0;;
56;197;2;16;9;11;0.0;;
56;197;2;17;9;11;0.0;;
56;197;2;18;9;11;0.0;;
56;197;2;19;9;11;0.0;;
57;198;1;15;9;16;1.0;70,182;
57;198;1;16;9;16;0.0;;
57;198;1;17;9;16;0.0;;
57;198;1;18;9;16;0.0;;
57;198;1;19;9;16;0.0;;
57;198;2;15;9;16;0.0;;
57;198;2;16;9;16;0.0;;
57;198;2;17;9;16;0.0;;
57;198;2;18;9;16;0.0;;
57;198;2;19;9;16;0.0;;
58;199;1;15;9;9;1.0;47,941;
58;199;1;16;9;9;0.0;;
58;199;1;17;9;9;0.0;;
58;199;1;18;9;9;0.0;;
58;199;1;19;9;9;0.0;;
58;199;2;15;9;9;0.0;;
58;199;2;16;9;9;0.0;;
58;199;2;17;9;9;0.0;;
58;199;2;18;9;9;0.0;;
58;199;2;19;9;9;0.0;;
59;200;1;15;9;6;1.0;51,261;
59;200;1;16;9;6;0.0;;
59;200;1;17;9;6;0.0;;
59;200;1;18;9;6;0.0;;
59;200;1;19;9;6;0.0;;
59;200;2;15;9;6;0.0;;
59;200;2;16;9;6;0.0;;
59;200;2;17;9;6;0.0;;
59;200;2;18;9;6;0.0;;
59;200;2;19;9;6;0.0;;
60;201;1;15;9;19;1.0;54,958;
60;201;1;16;9;19;0.0;;
60;201;1;17;9;19;0.0;;
60;201;1;18;9;19;0.0;;
60;201;1;19;9;19;0.0;;
60;201;2;15;9;19;0.0;;
60;201;2;16;9;19;0.0;;
60;201;2;17;9;19;0.0;;
60;201;2;18;9;19;0.0;;
60;201;2;19;9;19;0.0;;
61;202;1;15;9;17;1.0;41,738;
61;202;1;16;9;17;0.0;;
61;202;1;17;9;17;0.0;;
61;202;1;18;9;17;0.0;;
61;202;1;19;9;17;0.0;;
61;202;2;15;9;17;0.0;;
61;202;2;16;9;17;0.0;;
61;202;2;17;9;17;0.0;;
61;202;2;18;9;17;0.0;;
61;202;2;19;9;17;0.0;;
62;203;1;15;9;12;1.0;56,483;
62;203;1;16;9;12;0.0;;
62;203;1;17;9;12;0.0;;
62;203;1;18;9;12;0.0;;
62;203;1;19;9;12;0.0;;
62;203;2;15;9;12;0.0;;
62;203;2;16;9;12;0.0;;
62;203;2;17;9;12;0.0;;
62;203;2;18;9;12;0.0;;
62;203;2;19;9;12;0.0;;
63;204;1;15;9;15;1.0;62,056;
63;204;1;16;9;15;0.0;;
63;204;1;17;9;15;0.0;;
63;204;1;18;9;15;0.0;;
63;204;1;19;9;15;0.0;;
63;204;2;15;9;15;0.0;;
63;204;2;16;9;15;0.0;;
63;204;2;17;9;15;0.0;;
63;204;2;18;9;15;0.0;;
63;204;2;19;9;15;0.0;;
64;205;1;15;9;18;1.0;63,8;
64;205;1;16;9;18;0.0;;
64;205;1;17;9;18;0.0;;
64;205;1;18;9;18;0.0;;
64;205;1;19;9;18;0.0;;
64;205;2;15;9;18;0.0;;
64;205;2;16;9;18;0.0;;
64;205;2;17;9;18;0.0;;
64;205;2;18;9;18;0.0;;
64;205;2;19;9;18;0.0;;
65;206;1;15;9;16;1.0;61,194;
65;206;1;16;9;16;0.0;;
65;206;1;17;9;16;0.0;;
65;206;1;18;9;16;0.0;;
65;206;1;19;9;16;0.0;;
65;206;2;15;9;16;0.0;;
65;206;2;16;9;16;0.0;;
65;206;2;17;9;16;0.0;;
65;206;2;18;9;16;0.0;;
65;206;2;19;9;16;0.0;;
66;207;1;15;9;11;1.0;42,436;
66;207;1;16;9;11;0.0;;
66;207;1;17;9;11;0.0;;
66;207;1;18;9;11;0.0;;
66;207;1;19;9;11;0.0;;
66;207;2;15;9;11;0.0;;
66;207;2;16;9;11;0.0;;
66;207;2;17;9;11;0.0;;
66;207;2;18;9;11;0.0;;
66;207;2;19;9;11;0.0;;
67;208;1;15;9;27;1.0;57,5;
67;208;1;16;9;27;0.0;;
67;208;1;17;9;27;0.0;;
67;208;1;18;9;27;0.0;;
67;208;1;19;9;27;0.0;;
67;208;2;15;9;27;0.0;;
67;208;2;16;9;27;0.0;;
67;208;2;17;9;27;0.0;;
67;208;2;18;9;27;0.0;;
67;208;2;19;9;27;0.0;;
68;209;1;15;9;12;1.0;68,217;
68;209;1;16;9;12;0.0;;
68;209;1;17;9;12;0.0;;
68;209;1;18;9;12;0.0;;
68;209;1;19;9;12;0.0;;
68;209;2;15;9;12;0.0;;
68;209;2;16;9;12;0.0;;
68;209;2;17;9;12;0.0;;
68;209;2;18;9;12;0.0;;
68;209;2;19;9;12;0.0;;
69;210;1;15;9;19;1.0;77,538;
69;210;1;16;9;19;0.0;;
69;210;1;17;9;19;0.0;;
69;210;1;18;9;19;0.0;;
69;210;1;19;9;19;0.0;;
69;210;2;15;9;19;0.0;;
69;210;2;16;9;19;0.0;;
69;210;2;17;9;19;0.0;;
69;210;2;18;9;19;0.0;;
69;210;2;19;9;19;0.0;;
0;211;1;20;9;22;1.0;32,976;
0;211;1;21;9;22;0.0;;
0;211;1;22;9;22;0.0;;
0;211;1;23;9;22;0.0;;
0;211;1;24;9;22;0.0;;
0;211;2;20;9;22;0.0;;
0;211;2;21;9;22;0.0;;
0;211;2;22;9;22;0.0;;
0;211;2;23;9;22;0.0;;
0;211;2;24;9;22;0.0;;
1;212;1;20;9;4;1.0;77,642;
1;212;1;21;9;4;0.0;;
1;212;1;22;9;4;0.0;;
1;212;1;23;9;4;0.0;;
1;212;1;24;9;4;0.0;;
1;212;2;20;9;4;0.0;;
1;212;2;21;9;4;0.0;;
1;212;2;22;9;4;0.0;;
1;212;2;23;9;4;0.0;;
1;212;2;24;9;4;0.0;;
2;213;1;20;9;16;1.0;51,324;
2;213;1;21;9;16;0.0;;
2;213;1;22;9;16;0.0;;
2;213;1;23;9;16;0.0;;
2;213;1;24;9;16;0.0;;
2;213;2;20;9;16;0.0;;
2;213;2;21;9;16;0.0;;
2;213;2;22;9;16;0.0;;
2;213;2;23;9;16;0.0;;
2;213;2;24;9;16;0.0;;
3;214;1;20;9;9;1.0;58,575;
3;214;1;21;9;9;0.0;;
3;214;1;22;9;9;0.0;;
3;214;1;23;9;9;0.0;;
3;214;1;24;9;9;0.0;;
3;214;2;20;9;9;0.0;;
3;214;2;21;9;9;0.0;;
3;214;2;22;9;9;0.0;;
3;214;2;23;9;9;0.0;;
3;214;2;24;9;9;0.0;;
4;215;1;20;10;25;1.0;41,049;
4;215;1;21;10;25;0.0;;
4;215;1;22;10;25;0.0;;
4;215;1;23;10;25;0.0;;
4;215;1;24;10;25;0.0;;
4;215;2;20;10;25;0.0;;
4;215;2;21;10;25;0.0;;
4;215;2;22;10;25;0.0;;
4;215;2;23;10;25;0.0;;
4;215;2;24;10;25;0.0;;
5;216;1;20;10;16;1.0;41,874;
5;216;1;21;10;16;0.0;;
5;216;1;22;10;16;0.0;;
5;216;1;23;10;16;0.0;;
5;216;1;24;10;16;0.0;;
5;216;2;20;10;16;0.0;;
5;216;2;21;10;16;0.0;;
5;216;2;22;10;16;0.0;;
5;216;2;23;10;16;0.0;;
5;216;2;24;10;16;0.0;;
6;217;1;20;10;24;1.0;39,195;
6;217;1;21;10;24;0.0;;
6;217;1;22;10;24;0.0;;
6;217;1;23;10;24;0.0;;
6;217;1;24;10;24;0.0;;
6;217;2;20;10;24;0.0;;
6;217;2;21;10;24;0.0;;
6;217;2;22;10;24;0.0;;
6;217;2;23;10;24;0.0;;
6;217;2;24;10;24;0.0;;
7;218;1;20;10;10;1.0;39,992;
7;218;1;21;10;10;0.0;;
7;218;1;22;10;10;0.0;;
7;218;1;23;10;10;0.0;;
7;218;1;24;10;10;0.0;;
7;218;2;20;10;10;0.0;;
7;218;2;21;10;10;0.0;;
7;218;2;22;10;10;0.0;;
7;218;2;23;10;10;0.0;;
7;218;2;24;10;10;0.0;;
8;219;1;20;10;21;1.0;92,535;
8;219;1;21;10;21;0.0;;
8;219;1;22;10;21;0.0;;
8;219;1;23;10;21;0.0;;
8;219;1;24;10;21;0.0;;
8;219;2;20;10;21;0.0;;
8;219;2;21;10;21;0.0;;
8;219;2;22;10;21;0.0;;
8;219;2;23;10;21;0.0;;
8;219;2;24;10;21;0.0;;
9;220;1;20;10;17;1.0;46,19;
9;220;1;21;10;17;0.0;;
9;220;1;22;10;17;0.0;;
9;220;1;23;10;17;0.0;;
9;220;1;24;10;17;0.0;;
9;220;2;20;10;17;0.0;;
9;220;2;21;10;17;0.0;;
9;220;2;22;10;17;0.0;;
9;220;2;23;10;17;0.0;;
9;220;2;24;10;17;0.0;;
10;221;1;20;10;13;1.0;63,999;
10;221;1;21;10;13;0.0;;
10;221;1;22;10;13;0.0;;
10;221;1;23;10;13;0.0;;
10;221;1;24;10;13;0.0;;
10;221;2;20;10;13;0.0;;
10;221;2;21;10;13;0.0;;
10;221;2;22;10;13;0.0;;
10;221;2;23;10;13;0.0;;
10;221;2;24;10;13;0.0;;
11;222;1;20;10;15;1.0;52,864;
11;222;1;21;10;15;0.0;;
11;222;1;22;10;15;0.0;;
11;222;1;23;10;15;0.0;;
11;222;1;24;10;15;0.0;;
11;222;2;20;10;15;0.0;;
11;222;2;21;10;15;0.0;;
11;222;2;22;10;15;0.0;;
11;222;2;23;10;15;0.0;;
11;222;2;24;10;15;0.0;;
12;223;1;20;10;19;1.0;30,817;
12;223;1;21;10;19;0.0;;
12;223;1;22;10;19;0.0;;
12;223;1;23;10;19;0.0;;
12;223;1;24;10;19;0.0;;
12;223;2;20;10;19;0.0;;
12;223;2;21;10;19;0.0;;
12;223;2;22;10;19;0.0;;
12;223;2;23;10;19;0.0;;
12;223;2;24;10;19;0.0;;
13;224;1;20;10;12;1.0;42,058;
13;224;1;21;10;12;0.0;;
13;224;1;22;10;12;0.0;;
13;224;1;23;10;12;0.0;;
13;224;1;24;10;12;0.0;;
13;224;2;20;10;12;0.0;;
13;224;2;21;10;12;0.0;;
13;224;2;22;10;12;0.0;;
13;224;2;23;10;12;0.0;;
13;224;2;24;10;12;0.0;;
14;225;1;20;10;17;1.0;104,879;
14;225;1;21;10;17;0.0;;
14;225;1;22;10;17;0.0;;
14;225;1;23;10;17;0.0;;
14;225;1;24;10;17;0.0;;
14;225;2;20;10;17;0.0;;
14;225;2;21;10;17;0.0;;
14;225;2;22;10;17;0.0;;
14;225;2;23;10;17;0.0;;
14;225;2;24;10;17;0.0;;
15;226;1;20;10;10;1.0;81,856;
15;226;1;21;10;10;0.0;;
15;226;1;22;10;10;0.0;;
15;226;1;23;10;10;0.0;;
15;226;1;24;10;10;0.0;;
15;226;2;20;10;10;0.0;;
15;226;2;21;10;10;0.0;;
15;226;2;22;10;10;0.0;;
15;226;2;23;10;10;0.0;;
15;226;2;24;10;10;0.0;;
16;227;1;20;10;15;1.0;41,286;
16;227;1;21;10;15;0.0;;
16;227;1;22;10;15;0.0;;
16;227;1;23;10;15;0.0;;
16;227;1;24;10;15;0.0;;
16;227;2;20;10;15;0.0;;
16;227;2;21;10;15;0.0;;
16;227;2;22;10;15;0.0;;
16;227;2;23;10;15;0.0;;
16;227;2;24;10;15;0.0;;
17;228;1;20;10;25;1.0;20,462;
17;228;1;21;10;25;0.0;;
17;228;1;22;10;25;0.0;;
17;228;1;23;10;25;0.0;;
17;228;1;24;10;25;0.0;;
17;228;2;20;10;25;0.0;;
17;228;2;21;10;25;0.0;;
17;228;2;22;10;25;0.0;;
17;228;2;23;10;25;0.0;;
17;228;2;24;10;25;0.0;;
18;229;1;20;10;20;1.0;50,616;
18;229;1;21;10;20;0.0;;
18;229;1;22;10;20;0.0;;
18;229;1;23;10;20;0.0;;
18;229;1;24;10;20;0.0;;
18;229;2;20;10;20;0.0;;
18;229;2;21;10;20;0.0;;
18;229;2;22;10;20;0.0;;
18;229;2;23;10;20;0.0;;
18;229;2;24;10;20;0.0;;
19;230;1;20;10;15;1.0;42,24;
19;230;1;21;10;15;0.0;;
19;230;1;22;10;15;0.0;;
19;230;1;23;10;15;0.0;;
19;230;1;24;10;15;0.0;;
19;230;2;20;10;15;0.0;;
19;230;2;21;10;15;0.0;;
19;230;2;22;10;15;0.0;;
19;230;2;23;10;15;0.0;;
19;230;2;24;10;15;0.0;;
20;231;1;20;10;18;1.0;39,802;
20;231;1;21;10;18;0.0;;
20;231;1;22;10;18;0.0;;
20;231;1;23;10;18;0.0;;
20;231;1;24;10;18;0.0;;
20;231;2;20;10;18;0.0;;
20;231;2;21;10;18;0.0;;
20;231;2;22;10;18;0.0;;
20;231;2;23;10;18;0.0;;
20;231;2;24;10;18;0.0;;
21;232;1;20;10;25;1.0;40,257;
21;232;1;21;10;25;0.0;;
21;232;1;22;10;25;0.0;;
21;232;1;23;10;25;0.0;;
21;232;1;24;10;25;0.0;;
21;232;2;20;10;25;0.0;;
21;232;2;21;10;25;0.0;;
21;232;2;22;10;25;0.0;;
21;232;2;23;10;25;0.0;;
21;232;2;24;10;25;0.0;;
22;233;1;20;10;21;1.0;34,48;
22;233;1;21;10;21;0.0;;
22;233;1;22;10;21;0.0;;
22;233;1;23;10;21;0.0;;
22;233;1;24;10;21;0.0;;
22;233;2;20;10;21;0.0;;
22;233;2;21;10;21;0.0;;
22;233;2;22;10;21;0.0;;
22;233;2;23;10;21;0.0;;
22;233;2;24;10;21;0.0;;
23;234;1;20;10;23;1.0;39,057;
23;234;1;21;10;23;0.0;;
23;234;1;22;10;23;0.0;;
23;234;1;23;10;23;0.0;;
23;234;1;24;10;23;0.0;;
23;234;2;20;10;23;0.0;;
23;234;2;21;10;23;0.0;;
23;234;2;22;10;23;0.0;;
23;234;2;23;10;23;0.0;;
23;234;2;24;10;23;0.0;;
24;235;1;20;10;16;1.0;33,44;
24;235;1;21;10;16;0.0;;
24;235;1;22;10;16;0.0;;
24;235;1;23;10;16;0.0;;
24;235;1;24;10;16;0.0;;
24;235;2;20;10;16;0.0;;
24;235;2;21;10;16;0.0;;
24;235;2;22;10;16;0.0;;
24;235;2;23;10;16;0.0;;
24;235;2;24;10;16;0.0;;
25;236;1;20;10;11;1.0;34,317;
25;236;1;21;10;11;0.0;;
25;236;1;22;10;11;0.0;;
25;236;1;23;10;11;0.0;;
25;236;1;24;10;11;0.0;;
25;236;2;20;10;11;0.0;;
25;236;2;21;10;11;0.0;;
25;236;2;22;10;11;0.0;;
25;236;2;23;10;11;0.0;;
25;236;2;24;10;11;0.0;;
26;237;1;20;10;10;1.0;45,1;
26;237;1;21;10;10;0.0;;
26;237;1;22;10;10;0.0;;
26;237;1;23;10;10;0.0;;
26;237;1;24;10;10;0.0;;
26;237;2;20;10;10;0.0;;
26;237;2;21;10;10;0.0;;
26;237;2;22;10;10;0.0;;
26;237;2;23;10;10;0.0;;
26;237;2;24;10;10;0.0;;
27;238;1;20;10;13;1.0;21,648;
27;238;1;21;10;13;0.0;;
27;238;1;22;10;13;0.0;;
27;238;1;23;10;13;0.0;;
27;238;1;24;10;13;0.0;;
27;238;2;20;10;13;0.0;;
27;238;2;21;10;13;0.0;;
27;238;2;22;10;13;0.0;;
27;238;2;23;10;13;0.0;;
27;238;2;24;10;13;0.0;;
28;239;1;20;10;14;1.0;44,617;
28;239;1;21;10;14;0.0;;
28;239;1;22;10;14;0.0;;
28;239;1;23;10;14;0.0;;
28;239;1;24;10;14;0.0;;
28;239;2;20;10;14;0.0;;
28;239;2;21;10;14;0.0;;
28;239;2;22;10;14;0.0;;
28;239;2;23;10;14;0.0;;
28;239;2;24;10;14;0.0;;
29;240;1;20;10;7;1.0;48,51;
29;240;1;21;10;7;0.0;;
29;240;1;22;10;7;0.0;;
29;240;1;23;10;7;0.0;;
29;240;1;24;10;7;0.0;;
29;240;2;20;10;7;0.0;;
29;240;2;21;10;7;0.0;;
29;240;2;22;10;7;0.0;;
29;240;2;23;10;7;0.0;;
29;240;2;24;10;7;0.0;;
30;241;1;20;11;8;1.0;44,493;
30;241;1;21;11;8;0.0;;
30;241;1;22;11;8;0.0;;
30;241;1;23;11;8;0.0;;
30;241;1;24;11;8;0.0;;
30;241;2;20;11;8;0.0;;
30;241;2;21;11;8;0.0;;
30;241;2;22;11;8;0.0;;
30;241;2;23;11;8;0.0;;
30;241;2;24;11;8;0.0;;
31;242;1;20;11;13;1.0;47,996;
31;242;1;21;11;13;0.0;;
31;242;1;22;11;13;0.0;;
31;242;1;23;11;13;0.0;;
31;242;1;24;11;13;0.0;;
31;242;2;20;11;13;0.0;;
31;242;2;21;11;13;0.0;;
31;242;2;22;11;13;0.0;;
31;242;2;23;11;13;0.0;;
31;242;2;24;11;13;0.0;;
32;243;1;20;11;18;1.0;33,973;
32;243;1;21;11;18;0.0;;
32;243;1;22;11;18;0.0;;
32;243;1;23;11;18;0.0;;
32;243;1;24;11;18;0.0;;
32;243;2;20;11;18;0.0;;
32;243;2;21;11;18;0.0;;
32;243;2;22;11;18;0.0;;
32;243;2;23;11;18;0.0;;
32;243;2;24;11;18;0.0;;
33;244;1;20;11;20;1.0;48,337;
33;244;1;21;11;20;0.0;;
33;244;1;22;11;20;0.0;;
33;244;1;23;11;20;0.0;;
33;244;1;24;11;20;0.0;;
33;244;2;20;11;20;0.0;;
33;244;2;21;11;20;0.0;;
33;244;2;22;11;20;0.0;;
33;244;2;23;11;20;0.0;;
33;244;2;24;11;20;0.0;;
34;245;1;20;11;17;1.0;68,149;
34;245;1;21;11;17;0.0;;
34;245;1;22;11;17;0.0;;
34;245;1;23;11;17;0.0;;
34;245;1;24;11;17;0.0;;
34;245;2;20;11;17;0.0;;
34;245;2;21;11;17;0.0;;
34;245;2;22;11;17;0.0;;
34;245;2;23;11;17;0.0;;
34;245;2;24;11;17;0.0;;
35;246;1;20;11;26;1.0;31,424;
35;246;1;21;11;26;0.0;;
35;246;1;22;11;26;0.0;;
35;246;1;23;11;26;0.0;;
35;246;1;24;11;26;0.0;;
35;246;2;20;11;26;0.0;;
35;246;2;21;11;26;0.0;;
35;246;2;22;11;26;0.0;;
35;246;2;23;11;26;0.0;;
35;246;2;24;11;26;0.0;;
36;247;1;20;11;22;1.0;68,704;
36;247;1;21;11;22;0.0;;
36;247;1;22;11;22;0.0;;
36;247;1;23;11;22;0.0;;
36;247;1;24;11;22;0.0;;
36;247;2;20;11;22;0.0;;
36;247;2;21;11;22;0.0;;
36;247;2;22;11;22;0.0;;
36;247;2;23;11;22;0.0;;
36;247;2;24;11;22;0.0;;
37;248;1;20;11;18;1.0;36,384;
37;248;1;21;11;18;0.0;;
37;248;1;22;11;18;0.0;;
37;248;1;23;11;18;0.0;;
37;248;1;24;11;18;0.0;;
37;248;2;20;11;18;0.0;;
37;248;2;21;11;18;0.0;;
37;248;2;22;11;18;0.0;;
37;248;2;23;11;18;0.0;;
37;248;2;24;11;18;0.0;;
38;249;1;20;11;16;1.0;80,863;
38;249;1;21;11;16;0.0;;
38;249;1;22;11;16;0.0;;
38;249;1;23;11;16;0.0;;
38;249;1;24;11;16;0.0;;
38;249;2;20;11;16;0.0;;
38;249;2;21;11;16;0.0;;
38;249;2;22;11;16;0.0;;
38;249;2;23;11;16;0.0;;
38;249;2;24;11;16;0.0;;
39;250;1;20;11;15;1.0;48,088;
39;250;1;21;11;15;0.0;;
39;250;1;22;11;15;0.0;;
39;250;1;23;11;15;0.0;;
39;250;1;24;11;15;0.0;;
39;250;2;20;11;15;0.0;;
39;250;2;21;11;15;0.0;;
39;250;2;22;11;15;0.0;;
39;250;2;23;11;15;0.0;;
39;250;2;24;11;15;0.0;;
40;251;1;20;11;23;1.0;64,942;
40;251;1;21;11;23;0.0;;
40;251;1;22;11;23;0.0;;
40;251;1;23;11;23;0.0;;
40;251;1;24;11;23;0.0;;
40;251;2;20;11;23;0.0;;
40;251;2;21;11;23;0.0;;
40;251;2;22;11;23;0.0;;
40;251;2;23;11;23;0.0;;
40;251;2;24;11;23;0.0;;
41;252;1;20;11;14;1.0;23,183;
41;252;1;21;11;14;0.0;;
41;252;1;22;11;14;0.0;;
41;252;1;23;11;14;0.0;;
41;252;1;24;11;14;0.0;;
41;252;2;20;11;14;0.0;;
41;252;2;21;11;14;0.0;;
41;252;2;22;11;14;0.0;;
41;252;2;23;11;14;0.0;;
41;252;2;24;11;14;0.0;;
42;253;1;20;11;23;1.0;42,98;
42;253;1;21;11;23;0.0;;
42;253;1;22;11;23;0.0;;
42;253;1;23;11;23;0.0;;
42;253;1;24;11;23;0.0;;
42;253;2;20;11;23;0.0;;
42;253;2;21;11;23;0.0;;
42;253;2;22;11;23;0.0;;
42;253;2;23;11;23;0.0;;
42;253;2;24;11;23;0.0;;
43;254;1;20;11;19;1.0;43,508;
43;254;1;21;11;19;0.0;;
43;254;1;22;11;19;0.0;;
43;254;1;23;11;19;0.0;;
43;254;1;24;11;19;0.0;;
43;254;2;20;11;19;0.0;;
43;254;2;21;11;19;0.0;;
43;254;2;22;11;19;0.0;;
43;254;2;23;11;19;0.0;;
43;254;2;24;11;19;0.0;;
44;255;1;20;11;15;1.0;55,76;
44;255;1;21;11;15;0.0;;
44;255;1;22;11;15;0.0;;
44;255;1;23;11;15;0.0;;
44;255;1;24;11;15;0.0;;
44;255;2;20;11;15;0.0;;
44;255;2;21;11;15;0.0;;
44;255;2;22;11;15;0.0;;
44;255;2;23;11;15;0.0;;
44;255;2;24;11;15;0.0;;
45;256;1;20;11;13;1.0;36,386;
45;256;1;21;11;13;0.0;;
45;256;1;22;11;13;0.0;;
45;256;1;23;11;13;0.0;;
45;256;1;24;11;13;0.0;;
45;256;2;20;11;13;0.0;;
45;256;2;21;11;13;0.0;;
45;256;2;22;11;13;0.0;;
45;256;2;23;11;13;0.0;;
45;256;2;24;11;13;0.0;;
46;257;1;20;11;20;1.0;55,885;
46;257;1;21;11;20;0.0;;
46;257;1;22;11;20;0.0;;
46;257;1;23;11;20;0.0;;
46;257;1;24;11;20;0.0;;
46;257;2;20;11;20;0.0;;
46;257;2;21;11;20;0.0;;
46;257;2;22;11;20;0.0;;
46;257;2;23;11;20;0.0;;
46;257;2;24;11;20;0.0;;
47;258;1;20;11;15;1.0;43,849;
47;258;1;21;11;15;0.0;;
47;258;1;22;11;15;0.0;;
47;258;1;23;11;15;0.0;;
47;258;1;24;11;15;0.0;;
47;258;2;20;11;15;0.0;;
47;258;2;21;11;15;0.0;;
47;258;2;22;11;15;0.0;;
47;258;2;23;11;15;0.0;;
47;258;2;24;11;15;0.0;;
48;259;1;20;11;11;1.0;48,453;
48;259;1;21;11;11;0.0;;
48;259;1;22;11;11;0.0;;
48;259;1;23;11;11;0.0;;
48;259;1;24;11;11;0.0;;
48;259;2;20;11;11;0.0;;
48;259;2;21;11;11;0.0;;
48;259;2;22;11;11;0.0;;
48;259;2;23;11;11;0.0;;
48;259;2;24;11;11;0.0;;
49;260;1;20;11;15;1.0;21,468;
49;260;1;21;11;15;0.0;;
49;260;1;22;11;15;0.0;;
49;260;1;23;11;15;0.0;;
49;260;1;24;11;15;0.0;;
49;260;2;20;11;15;0.0;;
49;260;2;21;11;15;0.0;;
49;260;2;22;11;15;0.0;;
49;260;2;23;11;15;0.0;;
49;260;2;24;11;15;0.0;;
50;261;1;20;12;10;1.0;53,082;
50;261;1;21;12;10;0.0;;
50;261;1;22;12;10;0.0;;
50;261;1;23;12;10;0.0;;
50;261;1;24;12;10;0.0;;
50;261;2;20;12;10;0.0;;
50;261;2;21;12;10;0.0;;
50;261;2;22;12;10;0.0;;
50;261;2;23;12;10;0.0;;
50;261;2;24;12;10;0.0;;
51;262;1;20;12;20;1.0;49,778;
51;262;1;21;12;20;0.0;;
51;262;1;22;12;20;0.0;;
51;262;1;23;12;20;0.0;;
51;262;1;24;12;20;0.0;;
51;262;2;20;12;20;0.0;;
51;262;2;21;12;20;0.0;;
51;262;2;22;12;20;0.0;;
51;262;2;23;12;20;0.0;;
51;262;2;24;12;20;0.0;;
52;263;1;20;12;16;1.0;59,741;
52;263;1;21;12;16;0.0;;
52;263;1;22;12;16;0.0;;
52;263;1;23;12;16;0.0;;
52;263;1;24;12;16;0.0;;
52;263;2;20;12;16;0.0;;
52;263;2;21;12;16;0.0;;
52;263;2;22;12;16;0.0;;
52;263;2;23;12;16;0.0;;
52;263;2;24;12;16;0.0;;
53;264;1;20;12;8;1.0;72,763;
53;264;1;21;12;8;0.0;;
53;264;1;22;12;8;0.0;;
53;264;1;23;12;8;0.0;;
53;264;1;24;12;8;0.0;;
53;264;2;20;12;8;0.0;;
53;264;2;21;12;8;0.0;;
53;264;2;22;12;8;0.0;;
53;264;2;23;12;8;0.0;;
53;264;2;24;12;8;0.0;;
54;265;1;20;12;17;1.0;50,484;
54;265;1;21;12;17;0.0;;
54;265;1;22;12;17;0.0;;
54;265;1;23;12;17;0.0;;
54;265;1;24;12;17;0.0;;
54;265;2;20;12;17;0.0;;
54;265;2;21;12;17;0.0;;
54;265;2;22;12;17;0.0;;
54;265;2;23;12;17;0.0;;
54;265;2;24;12;17;0.0;;
55;266;1;20;12;12;1.0;58,163;
55;266;1;21;12;12;0.0;;
55;266;1;22;12;12;0.0;;
55;266;1;23;12;12;0.0;;
55;266;1;24;12;12;0.0;;
55;266;2;20;12;12;0.0;;
55;266;2;21;12;12;0.0;;
55;266;2;22;12;12;0.0;;
55;266;2;23;12;12;0.0;;
55;266;2;24;12;12;0.0;;
56;267;1;20;12;9;1.0;28,218;
56;267;1;21;12;9;0.0;;
56;267;1;22;12;9;0.0;;
56;267;1;23;12;9;0.0;;
56;267;1;24;12;9;0.0;;
56;267;2;20;12;9;0.0;;
56;267;2;21;12;9;0.0;;
56;267;2;22;12;9;0.0;;
56;267;2;23;12;9;0.0;;
56;267;2;24;12;9;0.0;;
57;268;1;20;12;13;1.0;36,979;
57;268;1;21;12;13;0.0;;
57;268;1;22;12;13;0.0;;
57;268;1;23;12;13;0.0;;
57;268;1;24;12;13;0.0;;
57;268;2;20;12;13;0.0;;
57;268;2;21;12;13;0.0;;
57;268;2;22;12;13;0.0;;
57;268;2;23;12;13;0.0;;
57;268;2;24;12;13;0.0;;
58;269;1;20;12;14;1.0;42,278;
58;269;1;21;12;14;0.0;;
58;269;1;22;12;14;0.0;;
58;269;1;23;12;14;0.0;;
58;269;1;24;12;14;0.0;;
58;269;2;20;12;14;0.0;;
58;269;2;21;12;14;0.0;;
58;269;2;22;12;14;0.0;;
58;269;2;23;12;14;0.0;;
58;269;2;24;12;14;0.0;;
59;270;1;20;12;14;1.0;61,827;
59;270;1;21;12;14;0.0;;
59;270;1;22;12;14;0.0;;
59;270;1;23;12;14;0.0;;
59;270;1;24;12;14;0.0;;
59;270;2;20;12;14;0.0;;
59;270;2;21;12;14;0.0;;
59;270;2;22;12;14;0.0;;
59;270;2;23;12;14;0.0;;
59;270;2;24;12;14;0.0;;
60;271;1;20;12;11;1.0;53,761;
60;271;1;21;12;11;0.0;;
60;271;1;22;12;11;0.0;;
60;271;1;23;12;11;0.0;;
60;271;1;24;12;11;0.0;;
60;271;2;20;12;11;0.0;;
60;271;2;21;12;11;0.0;;
60;271;2;22;12;11;0.0;;
60;271;2;23;12;11;0.0;;
60;271;2;24;12;11;0.0;;
61;272;1;20;12;15;1.0;40,238;
61;272;1;21;12;15;0.0;;
61;272;1;22;12;15;0.0;;
61;272;1;23;12;15;0.0;;
61;272;1;24;12;15;0.0;;
61;272;2;20;12;15;0.0;;
61;272;2;21;12;15;0.0;;
61;272;2;22;12;15;0.0;;
61;272;2;23;12;15;0.0;;
61;272;2;24;12;15;0.0;;
62;273;1;20;12;16;1.0;82,185;
62;273;1;21;12;16;0.0;;
62;273;1;22;12;16;0.0;;
62;273;1;23;12;16;0.0;;
62;273;1;24;12;16;0.0;;
62;273;2;20;12;16;0.0;;
62;273;2;21;12;16;0.0;;
62;273;2;22;12;16;0.0;;
62;273;2;23;12;16;0.0;;
62;273;2;24;12;16;0.0;;
63;274;1;20;12;13;1.0;49,848;
63;274;1;21;12;13;0.0;;
63;274;1;22;12;13;0.0;;
63;274;1;23;12;13;0.0;;
63;274;1;24;12;13;0.0;;
63;274;2;20;12;13;0.0;;
63;274;2;21;12;13;0.0;;
63;274;2;22;12;13;0.0;;
63;274;2;23;12;13;0.0;;
63;274;2;24;12;13;0.0;;
64;275;1;20;12;15;1.0;35,924;
64;275;1;21;12;15;0.0;;
64;275;1;22;12;15;0.0;;
64;275;1;23;12;15;0.0;;
64;275;1;24;12;15;0.0;;
64;275;2;20;12;15;0.0;;
64;275;2;21;12;15;0.0;;
64;275;2;22;12;15;0.0;;
64;275;2;23;12;15;0.0;;
64;275;2;24;12;15;0.0;;
65;276;1;20;12;19;1.0;40,068;
65;276;1;21;12;19;0.0;;
65;276;1;22;12;19;0.0;;
65;276;1;23;12;19;0.0;;
65;276;1;24;12;19;0.0;;
65;276;2;20;12;19;0.0;;
65;276;2;21;12;19;0.0;;
65;276;2;22;12;19;0.0;;
65;276;2;23;12;19;0.0;;
65;276;2;24;12;19;0.0;;
66;277;1;20;12;13;1.0;36,779;
66;277;1;21;12;13;0.0;;
66;277;1;22;12;13;0.0;;
66;277;1;23;12;13;0.0;;
66;277;1;24;12;13;0.0;;
66;277;2;20;12;13;0.0;;
66;277;2;21;12;13;0.0;;
66;277;2;22;12;13;0.0;;
66;277;2;23;12;13;0.0;;
66;277;2;24;12;13;0.0;;
67;278;1;20;12;11;1.0;45,526;
67;278;1;21;12;11;0.0;;
67;278;1;22;12;11;0.0;;
67;278;1;23;12;11;0.0;;
67;278;1;24;12;11;0.0;;
67;278;2;20;12;11;0.0;;
67;278;2;21;12;11;0.0;;
67;278;2;22;12;11;0.0;;
67;278;2;23;12;11;0.0;;
67;278;2;24;12;11;0.0;;
68;279;1;20;12;18;1.0;51,005;
68;279;1;21;12;18;0.0;;
68;279;1;22;12;18;0.0;;
68;279;1;23;12;18;0.0;;
68;279;1;24;12;18;0.0;;
68;279;2;20;12;18;0.0;;
68;279;2;21;12;18;0.0;;
68;279;2;22;12;18;0.0;;
68;279;2;23;12;18;0.0;;
68;279;2;24;12;18;0.0;;
69;280;1;20;12;21;1.0;26,075;
69;280;1;21;12;21;0.0;;
69;280;1;22;12;21;0.0;;
69;280;1;23;12;21;0.0;;
69;280;1;24;12;21;0.0;;
69;280;2;20;12;21;0.0;;
69;280;2;21;12;21;0.0;;
69;280;2;22;12;21;0.0;;
69;280;2;23;12;21;0.0;;
69;280;2;24;12;21;0.0;;
0;281;1;25;12;18;1.0;35,286;
0;281;1;26;12;18;0.0;;
0;281;1;27;12;18;0.0;;
0;281;1;28;12;18;0.0;;
0;281;1;29;12;18;0.0;;
0;281;2;25;12;18;0.0;;
0;281;2;26;12;18;0.0;;
0;281;2;27;12;18;0.0;;
0;281;2;28;12;18;0.0;;
0;281;2;29;12;18;0.0;;
1;282;1;25;12;25;1.0;24,963;
1;282;1;26;12;25;0.0;;
1;282;1;27;12;25;0.0;;
1;282;1;28;12;25;0.0;;
1;282;1;29;12;25;0.0;;
1;282;2;25;12;25;0.0;;
1;282;2;26;12;25;0.0;;
1;282;2;27;12;25;0.0;;
1;282;2;28;12;25;0.0;;
1;282;2;29;12;25;0.0;;
2;283;1;25;12;17;1.0;42,962;
2;283;1;26;12;17;0.0;;
2;283;1;27;12;17;0.0;;
2;283;1;28;12;17;0.0;;
2;283;1;29;12;17;0.0;;
2;283;2;25;12;17;0.0;;
2;283;2;26;12;17;0.0;;
2;283;2;27;12;17;0.0;;
2;283;2;28;12;17;0.0;;
2;283;2;29;12;17;0.0;;
3;284;1;25;12;24;1.0;35,871;
3;284;1;26;12;24;0.0;;
3;284;1;27;12;24;0.0;;
3;284;1;28;12;24;0.0;;
3;284;1;29;12;24;0.0;;
3;284;2;25;12;24;0.0;;
3;284;2;26;12;24;0.0;;
3;284;2;27;12;24;0.0;;
3;284;2;28;12;24;0.0;;
3;284;2;29;12;24;0.0;;
4;285;1;25;12;14;1.0;38,875;
4;285;1;26;12;14;0.0;;
4;285;1;27;12;14;0.0;;
4;285;1;28;12;14;0.0;;
4;285;1;29;12;14;0.0;;
4;285;2;25;12;14;0.0;;
4;285;2;26;12;14;0.0;;
4;285;2;27;12;14;0.0;;
4;285;2;28;12;14;0.0;;
4;285;2;29;12;14;0.0;;
5;286;1;25;12;9;1.0;73,914;
5;286;1;26;12;9;0.0;;
5;286;1;27;12;9;0.0;;
5;286;1;28;12;9;0.0;;
5;286;1;29;12;9;0.0;;
5;286;2;25;12;9;0.0;;
5;286;2;26;12;9;0.0;;
5;286;2;27;12;9;0.0;;
5;286;2;28;12;9;0.0;;
5;286;2;29;12;9;0.0;;
6;287;1;25;12;9;1.0;36,609;
6;287;1;26;12;9;0.0;;
6;287;1;27;12;9;0.0;;
6;287;1;28;12;9;0.0;;
6;287;1;29;12;9;0.0;;
6;287;2;25;12;9;0.0;;
6;287;2;26;12;9;0.0;;
6;287;2;27;12;9;0.0;;
6;287;2;28;12;9;0.0;;
6;287;2;29;12;9;0.0;;
7;288;1;25;12;10;1.0;18,695;
7;288;1;26;12;10;0.0;;
7;288;1;27;12;10;0.0;;
7;288;1;28;12;10;0.0;;
7;288;1;29;12;10;0.0;;
7;288;2;25;12;10;0.0;;
7;288;2;26;12;10;0.0;;
7;288;2;27;12;10;0.0;;
7;288;2;28;12;10;0.0;;
7;288;2;29;12;10;0.0;;
8;289;1;25;12;5;1.0;28,35;
8;289;1;26;12;5;0.0;;
8;289;1;27;12;5;0.0;;
8;289;1;28;12;5;0.0;;
8;289;1;29;12;5;0.0;;
8;289;2;25;12;5;0.0;;
8;289;2;26;12;5;0.0;;
8;289;2;27;12;5;0.0;;
8;289;2;28;12;5;0.0;;
8;289;2;29;12;5;0.0;;
9;290;1;25;12;21;1.0;61,981;
9;290;1;26;12;21;0.0;;
9;290;1;27;12;21;0.0;;
9;290;1;28;12;21;0.0;;
9;290;1;29;12;21;0.0;;
9;290;2;25;12;21;0.0;;
9;290;2;26;12;21;0.0;;
9;290;2;27;12;21;0.0;;
9;290;2;28;12;21;0.0;;
9;290;2;29;12;21;0.0;;
10;291;1;25;12;18;1.0;38,097;
10;291;1;26;12;18;0.0;;
10;291;1;27;12;18;0.0;;
10;291;1;28;12;18;0.0;;
10;291;1;29;12;18;0.0;;
10;291;2;25;12;18;0.0;;
10;291;2;26;12;18;0.0;;
10;291;2;27;12;18;0.0;;
10;291;2;28;12;18;0.0;;
10;291;2;29;12;18;0.0;;
11;292;1;25;12;18;1.0;27,424;
11;292;1;26;12;18;0.0;;
11;292;1;27;12;18;0.0;;
11;292;1;28;12;18;0.0;;
11;292;1;29;12;18;0.0;;
11;292;2;25;12;18;0.0;;
11;292;2;26;12;18;0.0;;
11;292;2;27;12;18;0.0;;
11;292;2;28;12;18;0.0;;
11;292;2;29;12;18;0.0;;
12;293;1;25;12;16;1.0;63,76;
12;293;1;26;12;16;0.0;;
12;293;1;27;12;16;0.0;;
12;293;1;28;12;16;0.0;;
12;293;1;29;12;16;0.0;;
12;293;2;25;12;16;0.0;;
12;293;2;26;12;16;0.0;;
12;293;2;27;12;16;0.0;;
12;293;2;28;12;16;0.0;;
12;293;2;29;12;16;0.0;;
13;294;1;25;12;20;1.0;40,984;
13;294;1;26;12;20;0.0;;
13;294;1;27;12;20;0.0;;
13;294;1;28;12;20;0.0;;
13;294;1;29;12;20;0.0;;
13;294;2;25;12;20;0.0;;
13;294;2;26;12;20;0.0;;
13;294;2;27;12;20;0.0;;
13;294;2;28;12;20;0.0;;
13;294;2;29;12;20;0.0;;
14;295;1;25;13;17;1.0;39,218;
14;295;1;26;13;17;0.0;;
14;295;1;27;13;17;0.0;;
14;295;1;28;13;17;0.0;;
14;295;1;29;13;17;0.0;;
14;295;2;25;13;17;0.0;;
14;295;2;26;13;17;0.0;;
14;295;2;27;13;17;0.0;;
14;295;2;28;13;17;0.0;;
14;295;2;29;13;17;0.0;;
15;296;1;25;13;4;1.0;31,309;
15;296;1;26;13;4;0.0;;
15;296;1;27;13;4;0.0;;
15;296;1;28;13;4;0.0;;
15;296;1;29;13;4;0.0;;
15;296;2;25;13;4;0.0;;
15;296;2;26;13;4;0.0;;
15;296;2;27;13;4;0.0;;
15;296;2;28;13;4;0.0;;
15;296;2;29;13;4;0.0;;
16;297;1;25;13;13;1.0;32,212;
16;297;1;26;13;13;0.0;;
16;297;1;27;13;13;0.0;;
16;297;1;28;13;13;0.0;;
16;297;1;29;13;13;0.0;;
16;297;2;25;13;13;0.0;;
16;297;2;26;13;13;0.0;;
16;297;2;27;13;13;0.0;;
16;297;2;28;13;13;0.0;;
16;297;2;29;13;13;0.0;;
17;298;1;25;13;23;1.0;31,686;
17;298;1;26;13;23;0.0;;
17;298;1;27;13;23;0.0;;
17;298;1;28;13;23;0.0;;
17;298;1;29;13;23;0.0;;
17;298;2;25;13;23;0.0;;
17;298;2;26;13;23;0.0;;
17;298;2;27;13;23;0.0;;
17;298;2;28;13;23;0.0;;
17;298;2;29;13;23;0.0;;
18;299;1;25;13;14;1.0;56,677;
18;299;1;26;13;14;0.0;;
18;299;1;27;13;14;0.0;;
18;299;1;28;13;14;0.0;;
18;299;1;29;13;14;0.0;;
18;299;2;25;13;14;0.0;;
18;299;2;26;13;14;0.0;;
18;299;2;27;13;14;0.0;;
18;299;2;28;13;14;0.0;;
18;299;2;29;13;14;0.0;;
19;300;1;25;13;14;1.0;35,108;
19;300;1;26;13;14;0.0;;
19;300;1;27;13;14;0.0;;
19;300;1;28;13;14;0.0;;
19;300;1;29;13;14;0.0;;
19;300;2;25;13;14;0.0;;
19;300;2;26;13;14;0.0;;
19;300;2;27;13;14;0.0;;
19;300;2;28;13;14;0.0;;
19;300;2;29;13;14;0.0;;
20;301;1;25;13;28;1.0;25,47;
20;301;1;26;13;28;0.0;;
20;301;1;27;13;28;0.0;;
20;301;1;28;13;28;0.0;;
20;301;1;29;13;28;0.0;;
20;301;2;25;13;28;0.0;;
20;301;2;26;13;28;0.0;;
20;301;2;27;13;28;0.0;;
20;301;2;28;13;28;0.0;;
20;301;2;29;13;28;0.0;;
21;302;1;25;13;13;1.0;38,606;
21;302;1;26;13;13;0.0;;
21;302;1;27;13;13;0.0;;
21;302;1;28;13;13;0.0;;
21;302;1;29;13;13;0.0;;
21;302;2;25;13;13;0.0;;
21;302;2;26;13;13;0.0;;
21;302;2;27;13;13;0.0;;
21;302;2;28;13;13;0.0;;
21;302;2;29;13;13;0.0;;
22;303;1;25;13;20;1.0;47,311;
22;303;1;26;13;20;0.0;;
22;303;1;27;13;20;0.0;;
22;303;1;28;13;20;0.0;;
22;303;1;29;13;20;0.0;;
22;303;2;25;13;20;0.0;;
22;303;2;26;13;20;0.0;;
22;303;2;27;13;20;0.0;;
22;303;2;28;13;20;0.0;;
22;303;2;29;13;20;0.0;;
23;304;1;25;13;7;1.0;56,448;
23;304;1;26;13;7;0.0;;
23;304;1;27;13;7;0.0;;
23;304;1;28;13;7;0.0;;
23;304;1;29;13;7;0.0;;
23;304;2;25;13;7;0.0;;
23;304;2;26;13;7;0.0;;
23;304;2;27;13;7;0.0;;
23;304;2;28;13;7;0.0;;
23;304;2;29;13;7;0.0;;
24;305;1;25;13;9;1.0;48,342;
24;305;1;26;13;9;0.0;;
24;305;1;27;13;9;0.0;;
24;305;1;28;13;9;0.0;;
24;305;1;29;13;9;0.0;;
24;305;2;25;13;9;0.0;;
24;305;2;26;13;9;0.0;;
24;305;2;27;13;9;0.0;;
24;305;2;28;13;9;0.0;;
24;305;2;29;13;9;0.0;;
25;306;1;25;13;13;1.0;46,656;
25;306;1;26;13;13;0.0;;
25;306;1;27;13;13;0.0;;
25;306;1;28;13;13;0.0;;
25;306;1;29;13;13;0.0;;
25;306;2;25;13;13;0.0;;
25;306;2;26;13;13;0.0;;
25;306;2;27;13;13;0.0;;
25;306;2;28;13;13;0.0;;
25;306;2;29;13;13;0.0;;
26;307;1;25;13;22;1.0;85,662;
26;307;1;26;13;22;0.0;;
26;307;1;27;13;22;0.0;;
26;307;1;28;13;22;0.0;;
26;307;1;29;13;22;0.0;;
26;307;2;25;13;22;0.0;;
26;307;2;26;13;22;0.0;;
26;307;2;27;13;22;0.0;;
26;307;2;28;13;22;0.0;;
26;307;2;29;13;22;0.0;;
27;308;1;25;13;23;1.0;76,307;
27;308;1;26;13;23;0.0;;
27;308;1;27;13;23;0.0;;
27;308;1;28;13;23;0.0;;
27;308;1;29;13;23;0.0;;
27;308;2;25;13;23;0.0;;
27;308;2;26;13;23;0.0;;
27;308;2;27;13;23;0.0;;
27;308;2;28;13;23;0.0;;
27;308;2;29;13;23;0.0;;
28;309;1;25;13;21;1.0;40,2;
28;309;1;26;13;21;0.0;;
28;309;1;27;13;21;0.0;;
28;309;1;28;13;21;0.0;;
28;309;1;29;13;21;0.0;;
28;309;2;25;13;21;0.0;;
28;309;2;26;13;21;0.0;;
28;309;2;27;13;21;0.0;;
28;309;2;28;13;21;0.0;;
28;309;2;29;13;21;0.0;;
29;310;1;25;13;11;1.0;97,55;
29;310;1;26;13;11;0.0;;
29;310;1;27;13;11;0.0;;
29;310;1;28;13;11;0.0;;
29;310;1;29;13;11;0.0;;
29;310;2;25;13;11;0.0;;
29;310;2;26;13;11;0.0;;
29;310;2;27;13;11;0.0;;
29;310;2;28;13;11;0.0;;
29;310;2;29;13;11;0.0;;
30;311;1;25;13;14;1.0;38,194;
30;311;1;26;13;14;0.0;;
30;311;1;27;13;14;0.0;;
30;311;1;28;13;14;0.0;;
30;311;1;29;13;14;0.0;;
30;311;2;25;13;14;0.0;;
30;311;2;26;13;14;0.0;;
30;311;2;27;13;14;0.0;;
30;311;2;28;13;14;0.0;;
30;311;2;29;13;14;0.0;;
31;312;1;25;13;26;1.0;48,078;
31;312;1;26;13;26;0.0;;
31;312;1;27;13;26;0.0;;
31;312;1;28;13;26;0.0;;
31;312;1;29;13;26;0.0;;
31;312;2;25;13;26;0.0;;
31;312;2;26;13;26;0.0;;
31;312;2;27;13;26;0.0;;
31;312;2;28;13;26;0.0;;
31;312;2;29;13;26;0.0;;
32;313;1;25;13;16;1.0;56,439;
32;313;1;26;13;16;0.0;;
32;313;1;27;13;16;0.0;;
32;313;1;28;13;16;0.0;;
32;313;1;29;13;16;0.0;;
32;313;2;25;13;16;0.0;;
32;313;2;26;13;16;0.0;;
32;313;2;27;13;16;0.0;;
32;313;2;28;13;16;0.0;;
32;313;2;29;13;16;0.0;;
33;314;1;25;13;11;1.0;44,608;
33;314;1;26;13;11;0.0;;
33;314;1;27;13;11;0.0;;
33;314;1;28;13;11;0.0;;
33;314;1;29;13;11;0.0;;
33;314;2;25;13;11;0.0;;
33;314;2;26;13;11;0.0;;
33;314;2;27;13;11;0.0;;
33;314;2;28;13;11;0.0;;
33;314;2;29;13;11;0.0;;
34;315;1;25;13;16;1.0;28,502;
34;315;1;26;13;16;0.0;;
34;315;1;27;13;16;0.0;;
34;315;1;28;13;16;0.0;;
34;315;1;29;13;16;0.0;;
34;315;2;25;13;16;0.0;;
34;315;2;26;13;16;0.0;;
34;315;2;27;13;16;0.0;;
34;315;2;28;13;16;0.0;;
34;315;2;29;13;16;0.0;;
35;316;1;25;13;14;1.0;37,812;
35;316;1;26;13;14;0.0;;
35;316;1;27;13;14;0.0;;
35;316;1;28;13;14;0.0;;
35;316;1;29;13;14;0.0;;
35;316;2;25;13;14;0.0;;
35;316;2;26;13;14;0.0;;
35;316;2;27;13;14;0.0;;
35;316;2;28;13;14;0.0;;
35;316;2;29;13;14;0.0;;
36;317;1;25;13;11;1.0;47,683;
36;317;1;26;13;11;0.0;;
36;317;1;27;13;11;0.0;;
36;317;1;28;13;11;0.0;;
36;317;1;29;13;11;0.0;;
36;317;2;25;13;11;0.0;;
36;317;2;26;13;11;0.0;;
36;317;2;27;13;11;0.0;;
36;317;2;28;13;11;0.0;;
36;317;2;29;13;11;0.0;;
37;318;1;25;13;20;1.0;55,264;
37;318;1;26;13;20;0.0;;
37;318;1;27;13;20;0.0;;
37;318;1;28;13;20;0.0;;
37;318;1;29;13;20;0.0;;
37;318;2;25;13;20;0.0;;
37;318;2;26;13;20;0.0;;
37;318;2;27;13;20;0.0;;
37;318;2;28;13;20;0.0;;
37;318;2;29;13;20;0.0;;
38;319;1;25;13;18;1.0;50,512;
38;319;1;26;13;18;0.0;;
38;319;1;27;13;18;0.0;;
38;319;1;28;13;18;0.0;;
38;319;1;29;13;18;0.0;;
38;319;2;25;13;18;0.0;;
38;319;2;26;13;18;0.0;;
38;319;2;27;13;18;0.0;;
38;319;2;28;13;18;0.0;;
38;319;2;29;13;18;0.0;;
39;320;1;25;14;10;1.0;43,595;
39;320;1;26;14;10;0.0;;
39;320;1;27;14;10;0.0;;
39;320;1;28;14;10;0.0;;
39;320;1;29;14;10;0.0;;
39;320;2;25;14;10;0.0;;
39;320;2;26;14;10;0.0;;
39;320;2;27;14;10;0.0;;
39;320;2;28;14;10;0.0;;
39;320;2;29;14;10;0.0;;
40;321;1;25;14;11;1.0;31,461;
40;321;1;26;14;11;0.0;;
40;321;1;27;14;11;0.0;;
40;321;1;28;14;11;0.0;;
40;321;1;29;14;11;0.0;;
40;321;2;25;14;11;0.0;;
40;321;2;26;14;11;0.0;;
40;321;2;27;14;11;0.0;;
40;321;2;28;14;11;0.0;;
40;321;2;29;14;11;0.0;;
41;322;1;25;14;21;1.0;24,003;
41;322;1;26;14;21;0.0;;
41;322;1;27;14;21;0.0;;
41;322;1;28;14;21;0.0;;
41;322;1;29;14;21;0.0;;
41;322;2;25;14;21;0.0;;
41;322;2;26;14;21;0.0;;
41;322;2;27;14;21;0.0;;
41;322;2;28;14;21;0.0;;
41;322;2;29;14;21;0.0;;
42;323;1;25;14;11;1.0;29,159;
42;323;1;26;14;11;0.0;;
42;323;1;27;14;11;0.0;;
42;323;1;28;14;11;0.0;;
42;323;1;29;14;11;0.0;;
42;323;2;25;14;11;0.0;;
42;323;2;26;14;11;0.0;;
42;323;2;27;14;11;0.0;;
42;323;2;28;14;11;0.0;;
42;323;2;29;14;11;0.0;;
43;324;1;25;14;25;1.0;42,304;
43;324;1;26;14;25;0.0;;
43;324;1;27;14;25;0.0;;
43;324;1;28;14;25;0.0;;
43;324;1;29;14;25;0.0;;
43;324;2;25;14;25;0.0;;
43;324;2;26;14;25;0.0;;
43;324;2;27;14;25;0.0;;
43;324;2;28;14;25;0.0;;
43;324;2;29;14;25;0.0;;
44;325;1;25;14;11;1.0;39,676;
44;325;1;26;14;11;0.0;;
44;325;1;27;14;11;0.0;;
44;325;1;28;14;11;0.0;;
44;325;1;29;14;11;0.0;;
44;325;2;25;14;11;0.0;;
44;325;2;26;14;11;0.0;;
44;325;2;27;14;11;0.0;;
44;325;2;28;14;11;0.0;;
44;325;2;29;14;11;0.0;;
45;326;1;25;14;16;1.0;43,857;
45;326;1;26;14;16;0.0;;
45;326;1;27;14;16;0.0;;
45;326;1;28;14;16;0.0;;
45;326;1;29;14;16;0.0;;
45;326;2;25;14;16;0.0;;
45;326;2;26;14;16;0.0;;
45;326;2;27;14;16;0.0;;
45;326;2;28;14;16;0.0;;
45;326;2;29;14;16;0.0;;
46;327;1;25;14;19;1.0;39,71;
46;327;1;26;14;19;0.0;;
46;327;1;27;14;19;0.0;;
46;327;1;28;14;19;0.0;;
46;327;1;29;14;19;0.0;;
46;327;2;25;14;19;0.0;;
46;327;2;26;14;19;0.0;;
46;327;2;27;14;19;0.0;;
46;327;2;28;14;19;0.0;;
46;327;2;29;14;19;0.0;;
47;328;1;25;14;10;1.0;40,64;
47;328;1;26;14;10;0.0;;
47;328;1;27;14;10;0.0;;
47;328;1;28;14;10;0.0;;
47;328;1;29;14;10;0.0;;
47;328;2;25;14;10;0.0;;
47;328;2;26;14;10;0.0;;
47;328;2;27;14;10;0.0;;
47;328;2;28;14;10;0.0;;
47;328;2;29;14;10;0.0;;
48;329;1;25;14;16;1.0;60,885;
48;329;1;26;14;16;0.0;;
48;329;1;27;14;16;0.0;;
48;329;1;28;14;16;0.0;;
48;329;1;29;14;16;0.0;;
48;329;2;25;14;16;0.0;;
48;329;2;26;14;16;0.0;;
48;329;2;27;14;16;0.0;;
48;329;2;28;14;16;0.0;;
48;329;2;29;14;16;0.0;;
49;330;1;25;14;22;1.0;39,475;
49;330;1;26;14;22;0.0;;
49;330;1;27;14;22;0.0;;
49;330;1;28;14;22;0.0;;
49;330;1;29;14;22;0.0;;
49;330;2;25;14;22;0.0;;
49;330;2;26;14;22;0.0;;
49;330;2;27;14;22;0.0;;
49;330;2;28;14;22;0.0;;
49;330;2;29;14;22;0.0;;
50;331;1;25;14;22;1.0;83,682;
50;331;1;26;14;22;0.0;;
50;331;1;27;14;22;0.0;;
50;331;1;28;14;22;0.0;;
50;331;1;29;14;22;0.0;;
50;331;2;25;14;22;0.0;;
50;331;2;26;14;22;0.0;;
50;331;2;27;14;22;0.0;;
50;331;2;28;14;22;0.0;;
50;331;2;29;14;22;0.0;;
51;332;1;25;14;15;1.0;38,93;
51;332;1;26;14;15;0.0;;
51;332;1;27;14;15;0.0;;
51;332;1;28;14;15;0.0;;
51;332;1;29;14;15;0.0;;
51;332;2;25;14;15;0.0;;
51;332;2;26;14;15;0.0;;
51;332;2;27;14;15;0.0;;
51;332;2;28;14;15;0.0;;
51;332;2;29;14;15;0.0;;
52;333;1;25;14;15;1.0;50,989;
52;333;1;26;14;15;0.0;;
52;333;1;27;14;15;0.0;;
52;333;1;28;14;15;0.0;;
52;333;1;29;14;15;0.0;;
52;333;2;25;14;15;0.0;;
52;333;2;26;14;15;0.0;;
52;333;2;27;14;15;0.0;;
52;333;2;28;14;15;0.0;;
52;333;2;29;14;15;0.0;;
53;334;1;25;14;5;1.0;39,999;
53;334;1;26;14;5;0.0;;
53;334;1;27;14;5;0.0;;
53;334;1;28;14;5;0.0;;
53;334;1;29;14;5;0.0;;
53;334;2;25;14;5;0.0;;
53;334;2;26;14;5;0.0;;
53;334;2;27;14;5;0.0;;
53;334;2;28;14;5;0.0;;
53;334;2;29;14;5;0.0;;
54;335;1;25;14;21;1.0;35,744;
54;335;1;26;14;21;0.0;;
54;335;1;27;14;21;0.0;;
54;335;1;28;14;21;0.0;;
54;335;1;29;14;21;0.0;;
54;335;2;25;14;21;0.0;;
54;335;2;26;14;21;0.0;;
54;335;2;27;14;21;0.0;;
54;335;2;28;14;21;0.0;;
54;335;2;29;14;21;0.0;;
55;336;1;25;14;7;1.0;45,475;
55;336;1;26;14;7;0.0;;
55;336;1;27;14;7;0.0;;
55;336;1;28;14;7;0.0;;
55;336;1;29;14;7;0.0;;
55;336;2;25;14;7;0.0;;
55;336;2;26;14;7;0.0;;
55;336;2;27;14;7;0.0;;
55;336;2;28;14;7;0.0;;
55;336;2;29;14;7;0.0;;
56;337;1;25;14;10;1.0;60,603;
56;337;1;26;14;10;0.0;;
56;337;1;27;14;10;0.0;;
56;337;1;28;14;10;0.0;;
56;337;1;29;14;10;0.0;;
56;337;2;25;14;10;0.0;;
56;337;2;26;14;10;0.0;;
56;337;2;27;14;10;0.0;;
56;337;2;28;14;10;0.0;;
56;337;2;29;14;10;0.0;;
57;338;1;25;14;15;1.0;43,099;
57;338;1;26;14;15;0.0;;
57;338;1;27;14;15;0.0;;
57;338;1;28;14;15;0.0;;
57;338;1;29;14;15;0.0;;
57;338;2;25;14;15;0.0;;
57;338;2;26;14;15;0.0;;
57;338;2;27;14;15;0.0;;
57;338;2;28;14;15;0.0;;
57;338;2;29;14;15;0.0;;
58;339;1;25;14;18;1.0;40,672;
58;339;1;26;14;18;0.0;;
58;339;1;27;14;18;0.0;;
58;339;1;28;14;18;0.0;;
58;339;1;29;14;18;0.0;;
58;339;2;25;14;18;0.0;;
58;339;2;26;14;18;0.0;;
58;339;2;27;14;18;0.0;;
58;339;2;28;14;18;0.0;;
58;339;2;29;14;18;0.0;;
59;340;1;25;14;21;1.0;51,145;
59;340;1;26;14;21;0.0;;
59;340;1;27;14;21;0.0;;
59;340;1;28;14;21;0.0;;
59;340;1;29;14;21;0.0;;
59;340;2;25;14;21;0.0;;
59;340;2;26;14;21;0.0;;
59;340;2;27;14;21;0.0;;
59;340;2;28;14;21;0.0;;
59;340;2;29;14;21;0.0;;
60;341;1;25;14;21;1.0;38,328;
60;341;1;26;14;21;0.0;;
60;341;1;27;14;21;0.0;;
60;341;1;28;14;21;0.0;;
60;341;1;29;14;21;0.0;;
60;341;2;25;14;21;0.0;;
60;341;2;26;14;21;0.0;;
60;341;2;27;14;21;0.0;;
60;341;2;28;14;21;0.0;;
60;341;2;29;14;21;0.0;;
61;342;1;25;14;8;1.0;38,451;
61;342;1;26;14;8;0.0;;
61;342;1;27;14;8;0.0;;
61;342;1;28;14;8;0.0;;
61;342;1;29;14;8;0.0;;
61;342;2;25;14;8;0.0;;
61;342;2;26;14;8;0.0;;
61;342;2;27;14;8;0.0;;
61;342;2;28;14;8;0.0;;
61;342;2;29;14;8;0.0;;
62;343;1;25;14;17;1.0;57,174;
62;343;1;26;14;17;0.0;;
62;343;1;27;14;17;0.0;;
62;343;1;28;14;17;0.0;;
62;343;1;29;14;17;0.0;;
62;343;2;25;14;17;0.0;;
62;343;2;26;14;17;0.0;;
62;343;2;27;14;17;0.0;;
62;343;2;28;14;17;0.0;;
62;343;2;29;14;17;0.0;;
63;344;1;25;14;8;1.0;35,444;
63;344;1;26;14;8;0.0;;
63;344;1;27;14;8;0.0;;
63;344;1;28;14;8;0.0;;
63;344;1;29;14;8;0.0;;
63;344;2;25;14;8;0.0;;
63;344;2;26;14;8;0.0;;
63;344;2;27;14;8;0.0;;
63;344;2;28;14;8;0.0;;
63;344;2;29;14;8;0.0;;
64;345;1;25;14;17;1.0;31,526;
64;345;1;26;14;17;0.0;;
64;345;1;27;14;17;0.0;;
64;345;1;28;14;17;0.0;;
64;345;1;29;14;17;0.0;;
64;345;2;25;14;17;0.0;;
64;345;2;26;14;17;0.0;;
64;345;2;27;14;17;0.0;;
64;345;2;28;14;17;0.0;;
64;345;2;29;14;17;0.0;;
65;346;1;25;16;19;1.0;34,653;
65;346;1;26;16;19;0.0;;
65;346;1;27;16;19;0.0;;
65;346;1;28;16;19;0.0;;
65;346;1;29;16;19;0.0;;
65;346;2;25;16;19;0.0;;
65;346;2;26;16;19;0.0;;
65;346;2;27;16;19;0.0;;
65;346;2;28;16;19;0.0;;
65;346;2;29;16;19;0.0;;
66;347;1;25;16;17;1.0;53,197;
66;347;1;26;16;17;0.0;;
66;347;1;27;16;17;0.0;;
66;347;1;28;16;17;0.0;;
66;347;1;29;16;17;0.0;;
66;347;2;25;16;17;0.0;;
66;347;2;26;16;17;0.0;;
66;347;2;27;16;17;0.0;;
66;347;2;28;16;17;0.0;;
66;347;2;29;16;17;0.0;;
67;348;1;25;16;21;1.0;30,516;
67;348;1;26;16;21;0.0;;
67;348;1;27;16;21;0.0;;
67;348;1;28;16;21;0.0;;
67;348;1;29;16;21;0.0;;
67;348;2;25;16;21;0.0;;
67;348;2;26;16;21;0.0;;
67;348;2;27;16;21;0.0;;
67;348;2;28;16;21;0.0;;
67;348;2;29;16;21;0.0;;
68;349;1;25;16;10;1.0;38,024;
68;349;1;26;16;10;0.0;;
68;349;1;27;16;10;0.0;;
68;349;1;28;16;10;0.0;;
68;349;1;29;16;10;0.0;;
68;349;2;25;16;10;0.0;;
68;349;2;26;16;10;0.0;;
68;349;2;27;16;10;0.0;;
68;349;2;28;16;10;0.0;;
68;349;2;29;16;10;0.0;;
69;350;1;25;16;23;1.0;38,933;
69;350;1;26;16;23;0.0;;
69;350;1;27;16;23;0.0;;
69;350;1;28;16;23;0.0;;
69;350;1;29;16;23;0.0;;
69;350;2;25;16;23;0.0;;
69;350;2;26;16;23;0.0;;
69;350;2;27;16;23;0.0;;
69;350;2;28;16;23;0.0;;
69;350;2;29;16;23;0.0;;
0;351;1;30;16;17;1.0;32,699;
0;351;1;31;16;17;0.0;;
0;351;1;32;16;17;0.0;;
0;351;1;33;16;17;0.0;;
0;351;1;34;16;17;0.0;;
0;351;2;30;16;17;0.0;;
0;351;2;31;16;17;0.0;;
0;351;2;32;16;17;0.0;;
0;351;2;33;16;17;0.0;;
0;351;2;34;16;17;0.0;;
1;352;1;30;16;14;1.0;73,881;
1;352;1;31;16;14;0.0;;
1;352;1;32;16;14;0.0;;
1;352;1;33;16;14;0.0;;
1;352;1;34;16;14;0.0;;
1;352;2;30;16;14;0.0;;
1;352;2;31;16;14;0.0;;
1;352;2;32;16;14;0.0;;
1;352;2;33;16;14;0.0;;
1;352;2;34;16;14;0.0;;
2;353;1;30;16;9;1.0;55,179;
2;353;1;31;16;9;0.0;;
2;353;1;32;16;9;0.0;;
2;353;1;33;16;9;0.0;;
2;353;1;34;16;9;0.0;;
2;353;2;30;16;9;0.0;;
2;353;2;31;16;9;0.0;;
2;353;2;32;16;9;0.0;;
2;353;2;33;16;9;0.0;;
2;353;2;34;16;9;0.0;;
3;354;1;30;16;23;1.0;59,627;
3;354;1;31;16;23;0.0;;
3;354;1;32;16;23;0.0;;
3;354;1;33;16;23;0.0;;
3;354;1;34;16;23;0.0;;
3;354;2;30;16;23;0.0;;
3;354;2;31;16;23;0.0;;
3;354;2;32;16;23;0.0;;
3;354;2;33;16;23;0.0;;
3;354;2;34;16;23;0.0;;
4;355;1;30;16;13;1.0;45,713;
4;355;1;31;16;13;0.0;;
4;355;1;32;16;13;0.0;;
4;355;1;33;16;13;0.0;;
4;355;1;34;16;13;0.0;;
4;355;2;30;16;13;0.0;;
4;355;2;31;16;13;0.0;;
4;355;2;32;16;13;0.0;;
4;355;2;33;16;13;0.0;;
4;355;2;34;16;13;0.0;;
5;356;1;30;16;21;1.0;41,237;
5;356;1;31;16;21;0.0;;
5;356;1;32;16;21;0.0;;
5;356;1;33;16;21;0.0;;
5;356;1;34;16;21;0.0;;
5;356;2;30;16;21;0.0;;
5;356;2;31;16;21;0.0;;
5;356;2;32;16;21;0.0;;
5;356;2;33;16;21;0.0;;
5;356;2;34;16;21;0.0;;
6;357;1;30;16;14;1.0;24,377;
6;357;1;31;16;14;0.0;;
6;357;1;32;16;14;0.0;;
6;357;1;33;16;14;0.0;;
6;357;1;34;16;14;0.0;;
6;357;2;30;16;14;0.0;;
6;357;2;31;16;14;0.0;;
6;357;2;32;16;14;0.0;;
6;357;2;33;16;14;0.0;;
6;357;2;34;16;14;0.0;;
7;358;1;30;16;18;1.0;55,794;
7;358;1;31;16;18;0.0;;
7;358;1;32;16;18;0.0;;
7;358;1;33;16;18;0.0;;
7;358;1;34;16;18;0.0;;
7;358;2;30;16;18;0.0;;
7;358;2;31;16;18;0.0;;
7;358;2;32;16;18;0.0;;
7;358;2;33;16;18;0.0;;
7;358;2;34;16;18;0.0;;
8;359;1;30;16;6;1.0;44,916;
8;359;1;31;16;6;0.0;;
8;359;1;32;16;6;0.0;;
8;359;1;33;16;6;0.0;;
8;359;1;34;16;6;0.0;;
8;359;2;30;16;6;0.0;;
8;359;2;31;16;6;0.0;;
8;359;2;32;16;6;0.0;;
8;359;2;33;16;6;0.0;;
8;359;2;34;16;6;0.0;;
9;360;1;30;16;24;1.0;53,996;
9;360;1;31;16;24;0.0;;
9;360;1;32;16;24;0.0;;
9;360;1;33;16;24;0.0;;
9;360;1;34;16;24;0.0;;
9;360;2;30;16;24;0.0;;
9;360;2;31;16;24;0.0;;
9;360;2;32;16;24;0.0;;
9;360;2;33;16;24;0.0;;
9;360;2;34;16;24;0.0;;
10;361;1;30;16;19;1.0;62,689;
10;361;1;31;16;19;0.0;;
10;361;1;32;16;19;0.0;;
10;361;1;33;16;19;0.0;;
10;361;1;34;16;19;0.0;;
10;361;2;30;16;19;0.0;;
10;361;2;31;16;19;0.0;;
10;361;2;32;16;19;0.0;;
10;361;2;33;16;19;0.0;;
10;361;2;34;16;19;0.0;;
11;362;1;30;16;15;1.0;38,687;
11;362;1;31;16;15;0.0;;
11;362;1;32;16;15;0.0;;
11;362;1;33;16;15;0.0;;
11;362;1;34;16;15;0.0;;
11;362;2;30;16;15;0.0;;
11;362;2;31;16;15;0.0;;
11;362;2;32;16;15;0.0;;
11;362;2;33;16;15;0.0;;
11;362;2;34;16;15;0.0;;
12;363;1;30;16;25;1.0;37,996;
12;363;1;31;16;25;0.0;;
12;363;1;32;16;25;0.0;;
12;363;1;33;16;25;0.0;;
12;363;1;34;16;25;0.0;;
12;363;2;30;16;25;0.0;;
12;363;2;31;16;25;0.0;;
12;363;2;32;16;25;0.0;;
12;363;2;33;16;25;0.0;;
12;363;2;34;16;25;0.0;;
13;364;1;30;16;26;1.0;36,256;
13;364;1;31;16;26;0.0;;
13;364;1;32;16;26;0.0;;
13;364;1;33;16;26;0.0;;
13;364;1;34;16;26;0.0;;
13;364;2;30;16;26;0.0;;
13;364;2;31;16;26;0.0;;
13;364;2;32;16;26;0.0;;
13;364;2;33;16;26;0.0;;
13;364;2;34;16;26;0.0;;
14;365;1;30;16;21;1.0;43,723;
14;365;1;31;16;21;0.0;;
14;365;1;32;16;21;0.0;;
14;365;1;33;16;21;0.0;;
14;365;1;34;16;21;0.0;;
14;365;2;30;16;21;0.0;;
14;365;2;31;16;21;0.0;;
14;365;2;32;16;21;0.0;;
14;365;2;33;16;21;0.0;;
14;365;2;34;16;21;0.0;;
15;366;1;30;16;12;1.0;37,32;
15;366;1;31;16;12;0.0;;
15;366;1;32;16;12;0.0;;
15;366;1;33;16;12;0.0;;
15;366;1;34;16;12;0.0;;
15;366;2;30;16;12;0.0;;
15;366;2;31;16;12;0.0;;
15;366;2;32;16;12;0.0;;
15;366;2;33;16;12;0.0;;
15;366;2;34;16;12;0.0;;
16;367;1;30;16;12;1.0;57,648;
16;367;1;31;16;12;0.0;;
16;367;1;32;16;12;0.0;;
16;367;1;33;16;12;0.0;;
16;367;1;34;16;12;0.0;;
16;367;2;30;16;12;0.0;;
16;367;2;31;16;12;0.0;;
16;367;2;32;16;12;0.0;;
16;367;2;33;16;12;0.0;;
16;367;2;34;16;12;0.0;;
17;368;1;30;16;13;1.0;44,388;
17;368;1;31;16;13;0.0;;
17;368;1;32;16;13;0.0;;
17;368;1;33;16;13;0.0;;
17;368;1;34;16;13;0.0;;
17;368;2;30;16;13;0.0;;
17;368;2;31;16;13;0.0;;
17;368;2;32;16;13;0.0;;
17;368;2;33;16;13;0.0;;
17;368;2;34;16;13;0.0;;
18;369;1;30;16;14;1.0;26,557;
18;369;1;31;16;14;0.0;;
18;369;1;32;16;14;0.0;;
18;369;1;33;16;14;0.0;;
18;369;1;34;16;14;0.0;;
18;369;2;30;16;14;0.0;;
18;369;2;31;16;14;0.0;;
18;369;2;32;16;14;0.0;;
18;369;2;33;16;14;0.0;;
18;369;2;34;16;14;0.0;;
19;370;1;30;16;13;1.0;37,907;
19;370;1;31;16;13;0.0;;
19;370;1;32;16;13;0.0;;
19;370;1;33;16;13;0.0;;
19;370;1;34;16;13;0.0;;
19;370;2;30;16;13;0.0;;
19;370;2;31;16;13;0.0;;
19;370;2;32;16;13;0.0;;
19;370;2;33;16;13;0.0;;
19;370;2;34;16;13;0.0;;
20;371;1;30;16;14;1.0;50,62;
20;371;1;31;16;14;0.0;;
20;371;1;32;16;14;0.0;;
20;371;1;33;16;14;0.0;;
20;371;1;34;16;14;0.0;;
20;371;2;30;16;14;0.0;;
20;371;2;31;16;14;0.0;;
20;371;2;32;16;14;0.0;;
20;371;2;33;16;14;0.0;;
20;371;2;34;16;14;0.0;;
21;372;1;30;16;13;1.0;28,928;
21;372;1;31;16;13;0.0;;
21;372;1;32;16;13;0.0;;
21;372;1;33;16;13;0.0;;
21;372;1;34;16;13;0.0;;
21;372;2;30;16;13;0.0;;
21;372;2;31;16;13;0.0;;
21;372;2;32;16;13;0.0;;
21;372;2;33;16;13;0.0;;
21;372;2;34;16;13;0.0;;
22;373;1;30;16;14;1.0;53,937;
22;373;1;31;16;14;0.0;;
22;373;1;32;16;14;0.0;;
22;373;1;33;16;14;0.0;;
22;373;1;34;16;14;0.0;;
22;373;2;30;16;14;0.0;;
22;373;2;31;16;14;0.0;;
22;373;2;32;16;14;0.0;;
22;373;2;33;16;14;0.0;;
22;373;2;34;16;14;0.0;;
23;374;1;30;16;18;1.0;44,763;
23;374;1;31;16;18;0.0;;
23;374;1;32;16;18;0.0;;
23;374;1;33;16;18;0.0;;
23;374;1;34;16;18;0.0;;
23;374;2;30;16;18;0.0;;
23;374;2;31;16;18;0.0;;
23;374;2;32;16;18;0.0;;
23;374;2;33;16;18;0.0;;
23;374;2;34;16;18;0.0;;
24;375;1;30;16;11;1.0;48,519;
24;375;1;31;16;11;0.0;;
24;375;1;32;16;11;0.0;;
24;375;1;33;16;11;0.0;;
24;375;1;34;16;11;0.0;;
24;375;2;30;16;11;0.0;;
24;375;2;31;16;11;0.0;;
24;375;2;32;16;11;0.0;;
24;375;2;33;16;11;0.0;;
24;375;2;34;16;11;0.0;;
25;376;1;30;16;18;1.0;61,17;
25;376;1;31;16;18;0.0;;
25;376;1;32;16;18;0.0;;
25;376;1;33;16;18;0.0;;
25;376;1;34;16;18;0.0;;
25;376;2;30;16;18;0.0;;
25;376;2;31;16;18;0.0;;
25;376;2;32;16;18;0.0;;
25;376;2;33;16;18;0.0;;
25;376;2;34;16;18;0.0;;
26;377;1;30;17;15;1.0;37,523;
26;377;1;31;17;15;0.0;;
26;377;1;32;17;15;0.0;;
26;377;1;33;17;15;0.0;;
26;377;1;34;17;15;0.0;;
26;377;2;30;17;15;0.0;;
26;377;2;31;17;15;0.0;;
26;377;2;32;17;15;0.0;;
26;377;2;33;17;15;0.0;;
26;377;2;34;17;15;0.0;;
27;378;1;30;17;19;1.0;61,465;
27;378;1;31;17;19;0.0;;
27;378;1;32;17;19;0.0;;
27;378;1;33;17;19;0.0;;
27;378;1;34;17;19;0.0;;
27;378;2;30;17;19;0.0;;
27;378;2;31;17;19;0.0;;
27;378;2;32;17;19;0.0;;
27;378;2;33;17;19;0.0;;
27;378;2;34;17;19;0.0;;
28;379;1;30;17;20;1.0;84,283;
28;379;1;31;17;20;0.0;;
28;379;1;32;17;20;0.0;;
28;379;1;33;17;20;0.0;;
28;379;1;34;17;20;0.0;;
28;379;2;30;17;20;0.0;;
28;379;2;31;17;20;0.0;;
28;379;2;32;17;20;0.0;;
28;379;2;33;17;20;0.0;;
28;379;2;34;17;20;0.0;;
29;380;1;30;17;19;1.0;63,764;
29;380;1;31;17;19;0.0;;
29;380;1;32;17;19;0.0;;
29;380;1;33;17;19;0.0;;
29;380;1;34;17;19;0.0;;
29;380;2;30;17;19;0.0;;
29;380;2;31;17;19;0.0;;
29;380;2;32;17;19;0.0;;
29;380;2;33;17;19;0.0;;
29;380;2;34;17;19;0.0;;
30;381;1;30;17;3;1.0;51,154;
30;381;1;31;17;3;0.0;;
30;381;1;32;17;3;0.0;;
30;381;1;33;17;3;0.0;;
30;381;1;34;17;3;0.0;;
30;381;2;30;17;3;0.0;;
30;381;2;31;17;3;0.0;;
30;381;2;32;17;3;0.0;;
30;381;2;33;17;3;0.0;;
30;381;2;34;17;3;0.0;;
31;382;1;30;17;10;1.0;36,589;
31;382;1;31;17;10;0.0;;
31;382;1;32;17;10;0.0;;
31;382;1;33;17;10;0.0;;
31;382;1;34;17;10;0.0;;
31;382;2;30;17;10;0.0;;
31;382;2;31;17;10;0.0;;
31;382;2;32;17;10;0.0;;
31;382;2;33;17;10;0.0;;
31;382;2;34;17;10;0.0;;
32;383;1;30;17;15;1.0;45,397;
32;383;1;31;17;15;0.0;;
32;383;1;32;17;15;0.0;;
32;383;1;33;17;15;0.0;;
32;383;1;34;17;15;0.0;;
32;383;2;30;17;15;0.0;;
32;383;2;31;17;15;0.0;;
32;383;2;32;17;15;0.0;;
32;383;2;33;17;15;0.0;;
32;383;2;34;17;15;0.0;;
33;384;1;30;17;20;1.0;51,36;
33;384;1;31;17;20;0.0;;
33;384;1;32;17;20;0.0;;
33;384;1;33;17;20;0.0;;
33;384;1;34;17;20;0.0;;
33;384;2;30;17;20;0.0;;
33;384;2;31;17;20;0.0;;
33;384;2;32;17;20;0.0;;
33;384;2;33;17;20;0.0;;
33;384;2;34;17;20;0.0;;
34;385;1;30;17;16;1.0;39,516;
34;385;1;31;17;16;0.0;;
34;385;1;32;17;16;0.0;;
34;385;1;33;17;16;0.0;;
34;385;1;34;17;16;0.0;;
34;385;2;30;17;16;0.0;;
34;385;2;31;17;16;0.0;;
34;385;2;32;17;16;0.0;;
34;385;2;33;17;16;0.0;;
34;385;2;34;17;16;0.0;;
35;386;1;30;17;18;1.0;78,769;
35;386;1;31;17;18;0.0;;
35;386;1;32;17;18;0.0;;
35;386;1;33;17;18;0.0;;
35;386;1;34;17;18;0.0;;
35;386;2;30;17;18;0.0;;
35;386;2;31;17;18;0.0;;
35;386;2;32;17;18;0.0;;
35;386;2;33;17;18;0.0;;
35;386;2;34;17;18;0.0;;
36;387;1;30;17;11;1.0;30,591;
36;387;1;31;17;11;0.0;;
36;387;1;32;17;11;0.0;;
36;387;1;33;17;11;0.0;;
36;387;1;34;17;11;0.0;;
36;387;2;30;17;11;0.0;;
36;387;2;31;17;11;0.0;;
36;387;2;32;17;11;0.0;;
36;387;2;33;17;11;0.0;;
36;387;2;34;17;11;0.0;;
37;388;1;30;17;12;1.0;41,554;
37;388;1;31;17;12;0.0;;
37;388;1;32;17;12;0.0;;
37;388;1;33;17;12;0.0;;
37;388;1;34;17;12;0.0;;
37;388;2;30;17;12;0.0;;
37;388;2;31;17;12;0.0;;
37;388;2;32;17;12;0.0;;
37;388;2;33;17;12;0.0;;
37;388;2;34;17;12;0.0;;
38;389;1;30;17;20;1.0;39,958;
38;389;1;31;17;20;0.0;;
38;389;1;32;17;20;0.0;;
38;389;1;33;17;20;0.0;;
38;389;1;34;17;20;0.0;;
38;389;2;30;17;20;0.0;;
38;389;2;31;17;20;0.0;;
38;389;2;32;17;20;0.0;;
38;389;2;33;17;20;0.0;;
38;389;2;34;17;20;0.0;;
39;390;1;30;17;18;1.0;40,77;
39;390;1;31;17;18;0.0;;
39;390;1;32;17;18;0.0;;
39;390;1;33;17;18;0.0;;
39;390;1;34;17;18;0.0;;
39;390;2;30;17;18;0.0;;
39;390;2;31;17;18;0.0;;
39;390;2;32;17;18;0.0;;
39;390;2;33;17;18;0.0;;
39;390;2;34;17;18;0.0;;
40;391;1;30;17;7;1.0;42,056;
40;391;1;31;17;7;0.0;;
40;391;1;32;17;7;0.0;;
40;391;1;33;17;7;0.0;;
40;391;1;34;17;7;0.0;;
40;391;2;30;17;7;0.0;;
40;391;2;31;17;7;0.0;;
40;391;2;32;17;7;0.0;;
40;391;2;33;17;7;0.0;;
40;391;2;34;17;7;0.0;;
41;392;1;30;17;10;1.0;48,775;
41;392;1;31;17;10;0.0;;
41;392;1;32;17;10;0.0;;
41;392;1;33;17;10;0.0;;
41;392;1;34;17;10;0.0;;
41;392;2;30;17;10;0.0;;
41;392;2;31;17;10;0.0;;
41;392;2;32;17;10;0.0;;
41;392;2;33;17;10;0.0;;
41;392;2;34;17;10;0.0;;
42;393;1;30;17;10;1.0;80,815;
42;393;1;31;17;10;0.0;;
42;393;1;32;17;10;0.0;;
42;393;1;33;17;10;0.0;;
42;393;1;34;17;10;0.0;;
42;393;2;30;17;10;0.0;;
42;393;2;31;17;10;0.0;;
42;393;2;32;17;10;0.0;;
42;393;2;33;17;10;0.0;;
42;393;2;34;17;10;0.0;;
43;394;1;30;17;8;1.0;38,019;
43;394;1;31;17;8;0.0;;
43;394;1;32;17;8;0.0;;
43;394;1;33;17;8;0.0;;
43;394;1;34;17;8;0.0;;
43;394;2;30;17;8;0.0;;
43;394;2;31;17;8;0.0;;
43;394;2;32;17;8;0.0;;
43;394;2;33;17;8;0.0;;
43;394;2;34;17;8;0.0;;
44;395;1;30;17;14;1.0;36,397;
44;395;1;31;17;14;0.0;;
44;395;1;32;17;14;0.0;;
44;395;1;33;17;14;0.0;;
44;395;1;34;17;14;0.0;;
44;395;2;30;17;14;0.0;;
44;395;2;31;17;14;0.0;;
44;395;2;32;17;14;0.0;;
44;395;2;33;17;14;0.0;;
44;395;2;34;17;14;0.0;;
45;396;1;30;17;12;1.0;37,423;
45;396;1;31;17;12;0.0;;
45;396;1;32;17;12;0.0;;
45;396;1;33;17;12;0.0;;
45;396;1;34;17;12;0.0;;
45;396;2;30;17;12;0.0;;
45;396;2;31;17;12;0.0;;
45;396;2;32;17;12;0.0;;
45;396;2;33;17;12;0.0;;
45;396;2;34;17;12;0.0;;
46;397;1;30;17;19;1.0;43,773;
46;397;1;31;17;19;0.0;;
46;397;1;32;17;19;0.0;;
46;397;1;33;17;19;0.0;;
46;397;1;34;17;19;0.0;;
46;397;2;30;17;19;0.0;;
46;397;2;31;17;19;0.0;;
46;397;2;32;17;19;0.0;;
46;397;2;33;17;19;0.0;;
46;397;2;34;17;19;0.0;;
47;398;1;30;17;23;1.0;53,286;
47;398;1;31;17;23;0.0;;
47;398;1;32;17;23;0.0;;
47;398;1;33;17;23;0.0;;
47;398;1;34;17;23;0.0;;
47;398;2;30;17;23;0.0;;
47;398;2;31;17;23;0.0;;
47;398;2;32;17;23;0.0;;
47;398;2;33;17;23;0.0;;
47;398;2;34;17;23;0.0;;
48;399;1;30;17;20;1.0;29,307;
48;399;1;31;17;20;0.0;;
48;399;1;32;17;20;0.0;;
48;399;1;33;17;20;0.0;;
48;399;1;34;17;20;0.0;;
48;399;2;30;17;20;0.0;;
48;399;2;31;17;20;0.0;;
48;399;2;32;17;20;0.0;;
48;399;2;33;17;20;0.0;;
48;399;2;34;17;20;0.0;;
49;400;1;30;17;14;1.0;57,913;
49;400;1;31;17;14;0.0;;
49;400;1;32;17;14;0.0;;
49;400;1;33;17;14;0.0;;
49;400;1;34;17;14;0.0;;
49;400;2;30;17;14;0.0;;
49;400;2;31;17;14;0.0;;
49;400;2;32;17;14;0.0;;
49;400;2;33;17;14;0.0;;
49;400;2;34;17;14;0.0;;
50;401;1;30;17;13;1.0;77,709;
50;401;1;31;17;13;0.0;;
50;401;1;32;17;13;0.0;;
50;401;1;33;17;13;0.0;;
50;401;1;34;17;13;0.0;;
50;401;2;30;17;13;0.0;;
50;401;2;31;17;13;0.0;;
50;401;2;32;17;13;0.0;;
50;401;2;33;17;13;0.0;;
50;401;2;34;17;13;0.0;;
51;402;1;30;17;17;1.0;85,47;
51;402;1;31;17;17;0.0;;
51;402;1;32;17;17;0.0;;
51;402;1;33;17;17;0.0;;
51;402;1;34;17;17;0.0;;
51;402;2;30;17;17;0.0;;
51;402;2;31;17;17;0.0;;
51;402;2;32;17;17;0.0;;
51;402;2;33;17;17;0.0;;
51;402;2;34;17;17;0.0;;
52;403;1;30;18;25;1.0;42,708;
52;403;1;31;18;25;0.0;;
52;403;1;32;18;25;0.0;;
52;403;1;33;18;25;0.0;;
52;403;1;34;18;25;0.0;;
52;403;2;30;18;25;0.0;;
52;403;2;31;18;25;0.0;;
52;403;2;32;18;25;0.0;;
52;403;2;33;18;25;0.0;;
52;403;2;34;18;25;0.0;;
53;404;1;30;18;13;1.0;38,664;
53;404;1;31;18;13;0.0;;
53;404;1;32;18;13;0.0;;
53;404;1;33;18;13;0.0;;
53;404;1;34;18;13;0.0;;
53;404;2;30;18;13;0.0;;
53;404;2;31;18;13;0.0;;
53;404;2;32;18;13;0.0;;
53;404;2;33;18;13;0.0;;
53;404;2;34;18;13;0.0;;
54;405;1;30;18;11;1.0;42,266;
54;405;1;31;18;11;0.0;;
54;405;1;32;18;11;0.0;;
54;405;1;33;18;11;0.0;;
54;405;1;34;18;11;0.0;;
54;405;2;30;18;11;0.0;;
54;405;2;31;18;11;0.0;;
54;405;2;32;18;11;0.0;;
54;405;2;33;18;11;0.0;;
54;405;2;34;18;11;0.0;;
55;406;1;30;18;13;1.0;32,347;
55;406;1;31;18;13;0.0;;
55;406;1;32;18;13;0.0;;
55;406;1;33;18;13;0.0;;
55;406;1;34;18;13;0.0;;
55;406;2;30;18;13;0.0;;
55;406;2;31;18;13;0.0;;
55;406;2;32;18;13;0.0;;
55;406;2;33;18;13;0.0;;
55;406;2;34;18;13;0.0;;
56;407;1;30;18;11;1.0;59,008;
56;407;1;31;18;11;0.0;;
56;407;1;32;18;11;0.0;;
56;407;1;33;18;11;0.0;;
56;407;1;34;18;11;0.0;;
56;407;2;30;18;11;0.0;;
56;407;2;31;18;11;0.0;;
56;407;2;32;18;11;0.0;;
56;407;2;33;18;11;0.0;;
56;407;2;34;18;11;0.0;;
57;408;1;30;18;25;1.0;50,016;
57;408;1;31;18;25;0.0;;
57;408;1;32;18;25;0.0;;
57;408;1;33;18;25;0.0;;
57;408;1;34;18;25;0.0;;
57;408;2;30;18;25;0.0;;
57;408;2;31;18;25;0.0;;
57;408;2;32;18;25;0.0;;
57;408;2;33;18;25;0.0;;
57;408;2;34;18;25;0.0;;
58;409;1;30;18;6;1.0;44,535;
58;409;1;31;18;6;0.0;;
58;409;1;32;18;6;0.0;;
58;409;1;33;18;6;0.0;;
58;409;1;34;18;6;0.0;;
58;409;2;30;18;6;0.0;;
58;409;2;31;18;6;0.0;;
58;409;2;32;18;6;0.0;;
58;409;2;33;18;6;0.0;;
58;409;2;34;18;6;0.0;;
59;410;1;30;18;15;1.0;44,619;
59;410;1;31;18;15;0.0;;
59;410;1;32;18;15;0.0;;
59;410;1;33;18;15;0.0;;
59;410;1;34;18;15;0.0;;
59;410;2;30;18;15;0.0;;
59;410;2;31;18;15;0.0;;
59;410;2;32;18;15;0.0;;
59;410;2;33;18;15;0.0;;
59;410;2;34;18;15;0.0;;
60;411;1;30;18;17;1.0;37,102;
60;411;1;31;18;17;0.0;;
60;411;1;32;18;17;0.0;;
60;411;1;33;18;17;0.0;;
60;411;1;34;18;17;0.0;;
60;411;2;30;18;17;0.0;;
60;411;2;31;18;17;0.0;;
60;411;2;32;18;17;0.0;;
60;411;2;33;18;17;0.0;;
60;411;2;34;18;17;0.0;;
61;412;1;30;18;23;1.0;36,103;
61;412;1;31;18;23;0.0;;
61;412;1;32;18;23;0.0;;
61;412;1;33;18;23;0.0;;
61;412;1;34;18;23;0.0;;
61;412;2;30;18;23;0.0;;
61;412;2;31;18;23;0.0;;
61;412;2;32;18;23;0.0;;
61;412;2;33;18;23;0.0;;
61;412;2;34;18;23;0.0;;
62;413;1;30;18;13;1.0;43,843;
62;413;1;31;18;13;0.0;;
62;413;1;32;18;13;0.0;;
62;413;1;33;18;13;0.0;;
62;413;1;34;18;13;0.0;;
62;413;2;30;18;13;0.0;;
62;413;2;31;18;13;0.0;;
62;413;2;32;18;13;0.0;;
62;413;2;33;18;13;0.0;;
62;413;2;34;18;13;0.0;;
63;414;1;30;18;12;1.0;104,762;
63;414;1;31;18;12;0.0;;
63;414;1;32;18;12;0.0;;
63;414;1;33;18;12;0.0;;
63;414;1;34;18;12;0.0;;
63;414;2;30;18;12;0.0;;
63;414;2;31;18;12;0.0;;
63;414;2;32;18;12;0.0;;
63;414;2;33;18;12;0.0;;
63;414;2;34;18;12;0.0;;
64;415;1;30;18;13;1.0;54,982;
64;415;1;31;18;13;0.0;;
64;415;1;32;18;13;0.0;;
64;415;1;33;18;13;0.0;;
64;415;1;34;18;13;0.0;;
64;415;2;30;18;13;0.0;;
64;415;2;31;18;13;0.0;;
64;415;2;32;18;13;0.0;;
64;415;2;33;18;13;0.0;;
64;415;2;34;18;13;0.0;;
65;416;1;30;18;18;1.0;25,866;
65;416;1;31;18;18;0.0;;
65;416;1;32;18;18;0.0;;
65;416;1;33;18;18;0.0;;
65;416;1;34;18;18;0.0;;
65;416;2;30;18;18;0.0;;
65;416;2;31;18;18;0.0;;
65;416;2;32;18;18;0.0;;
65;416;2;33;18;18;0.0;;
65;416;2;34;18;18;0.0;;
66;417;1;30;18;11;1.0;38,638;
66;417;1;31;18;11;0.0;;
66;417;1;32;18;11;0.0;;
66;417;1;33;18;11;0.0;;
66;417;1;34;18;11;0.0;;
66;417;2;30;18;11;0.0;;
66;417;2;31;18;11;0.0;;
66;417;2;32;18;11;0.0;;
66;417;2;33;18;11;0.0;;
66;417;2;34;18;11;0.0;;
67;418;1;30;18;16;1.0;50,864;
67;418;1;31;18;16;0.0;;
67;418;1;32;18;16;0.0;;
67;418;1;33;18;16;0.0;;
67;418;1;34;18;16;0.0;;
67;418;2;30;18;16;0.0;;
67;418;2;31;18;16;0.0;;
67;418;2;32;18;16;0.0;;
67;418;2;33;18;16;0.0;;
67;418;2;34;18;16;0.0;;
68;419;1;30;18;20;1.0;48,508;
68;419;1;31;18;20;0.0;;
68;419;1;32;18;20;0.0;;
68;419;1;33;18;20;0.0;;
68;419;1;34;18;20;0.0;;
68;419;2;30;18;20;0.0;;
68;419;2;31;18;20;0.0;;
68;419;2;32;18;20;0.0;;
68;419;2;33;18;20;0.0;;
68;419;2;34;18;20;0.0;;
69;420;1;30;18;13;1.0;55,637;
69;420;1;31;18;13;0.0;;
69;420;1;32;18;13;0.0;;
69;420;1;33;18;13;0.0;;
69;420;1;34;18;13;0.0;;
69;420;2;30;18;13;0.0;;
69;420;2;31;18;13;0.0;;
69;420;2;32;18;13;0.0;;
69;420;2;33;18;13;0.0;;
69;420;2;34;18;13;0.0;;
