indice_i,id_i,w,d,day,mtb,accettato
0,1,1,5,1,10,1.0
0,1,1,6,1,10,0.0
0,1,1,7,1,10,0.0
0,1,1,8,1,10,0.0
0,1,1,9,1,10,0.0
0,1,2,5,1,10,0.0
0,1,2,6,1,10,0.0
0,1,2,7,1,10,0.0
0,1,2,8,1,10,0.0
0,1,2,9,1,10,0.0
1,2,1,5,1,21,1.0
1,2,1,6,1,21,0.0
1,2,1,7,1,21,0.0
1,2,1,8,1,21,0.0
1,2,1,9,1,21,0.0
1,2,2,5,1,21,0.0
1,2,2,6,1,21,0.0
1,2,2,7,1,21,0.0
1,2,2,8,1,21,0.0
1,2,2,9,1,21,0.0
2,3,1,5,1,21,1.0
2,3,1,6,1,21,0.0
2,3,1,7,1,21,0.0
2,3,1,8,1,21,0.0
2,3,1,9,1,21,0.0
2,3,2,5,1,21,0.0
2,3,2,6,1,21,0.0
2,3,2,7,1,21,0.0
2,3,2,8,1,21,0.0
2,3,2,9,1,21,0.0
3,4,1,5,1,14,1.0
3,4,1,6,1,14,0.0
3,4,1,7,1,14,0.0
3,4,1,8,1,14,0.0
3,4,1,9,1,14,0.0
3,4,2,5,1,14,0.0
3,4,2,6,1,14,0.0
3,4,2,7,1,14,0.0
3,4,2,8,1,14,0.0
3,4,2,9,1,14,0.0
4,5,1,5,1,15,1.0
4,5,1,6,1,15,0.0
4,5,1,7,1,15,0.0
4,5,1,8,1,15,0.0
4,5,1,9,1,15,0.0
4,5,2,5,1,15,0.0
4,5,2,6,1,15,0.0
4,5,2,7,1,15,0.0
4,5,2,8,1,15,0.0
4,5,2,9,1,15,0.0
5,6,1,5,1,14,1.0
5,6,1,6,1,14,0.0
5,6,1,7,1,14,0.0
5,6,1,8,1,14,0.0
5,6,1,9,1,14,0.0
5,6,2,5,1,14,0.0
5,6,2,6,1,14,0.0
5,6,2,7,1,14,0.0
5,6,2,8,1,14,0.0
5,6,2,9,1,14,0.0
6,7,1,5,1,18,1.0
6,7,1,6,1,18,0.0
6,7,1,7,1,18,0.0
6,7,1,8,1,18,0.0
6,7,1,9,1,18,0.0
6,7,2,5,1,18,0.0
6,7,2,6,1,18,0.0
6,7,2,7,1,18,0.0
6,7,2,8,1,18,0.0
6,7,2,9,1,18,0.0
7,8,1,5,1,9,1.0
7,8,1,6,1,9,0.0
7,8,1,7,1,9,0.0
7,8,1,8,1,9,0.0
7,8,1,9,1,9,0.0
7,8,2,5,1,9,0.0
7,8,2,6,1,9,0.0
7,8,2,7,1,9,0.0
7,8,2,8,1,9,0.0
7,8,2,9,1,9,0.0
8,9,1,5,1,22,1.0
8,9,1,6,1,22,0.0
8,9,1,7,1,22,0.0
8,9,1,8,1,22,0.0
8,9,1,9,1,22,0.0
8,9,2,5,1,22,0.0
8,9,2,6,1,22,0.0
8,9,2,7,1,22,0.0
8,9,2,8,1,22,0.0
8,9,2,9,1,22,0.0
9,10,1,5,1,21,1.0
9,10,1,6,1,21,0.0
9,10,1,7,1,21,0.0
9,10,1,8,1,21,0.0
9,10,1,9,1,21,0.0
9,10,2,5,1,21,0.0
9,10,2,6,1,21,0.0
9,10,2,7,1,21,0.0
9,10,2,8,1,21,0.0
9,10,2,9,1,21,0.0
10,11,1,5,1,7,0.0
10,11,1,6,1,7,0.0
10,11,1,7,1,7,0.0
10,11,1,8,1,7,0.0
10,11,1,9,1,7,0.0
10,11,2,5,1,7,1.0
10,11,2,6,1,7,0.0
10,11,2,7,1,7,0.0
10,11,2,8,1,7,0.0
10,11,2,9,1,7,0.0
11,12,1,5,1,14,0.0
11,12,1,6,1,14,0.0
11,12,1,7,1,14,0.0
11,12,1,8,1,14,0.0
11,12,1,9,1,14,0.0
11,12,2,5,1,14,1.0
11,12,2,6,1,14,0.0
11,12,2,7,1,14,0.0
11,12,2,8,1,14,0.0
11,12,2,9,1,14,0.0
12,13,1,5,1,16,0.0
12,13,1,6,1,16,0.0
12,13,1,7,1,16,0.0
12,13,1,8,1,16,0.0
12,13,1,9,1,16,0.0
12,13,2,5,1,16,1.0
12,13,2,6,1,16,0.0
12,13,2,7,1,16,0.0
12,13,2,8,1,16,0.0
12,13,2,9,1,16,0.0
13,14,1,5,1,13,0.0
13,14,1,6,1,13,0.0
13,14,1,7,1,13,0.0
13,14,1,8,1,13,0.0
13,14,1,9,1,13,0.0
13,14,2,5,1,13,1.0
13,14,2,6,1,13,0.0
13,14,2,7,1,13,0.0
13,14,2,8,1,13,0.0
13,14,2,9,1,13,0.0
14,15,1,5,1,20,0.0
14,15,1,6,1,20,0.0
14,15,1,7,1,20,0.0
14,15,1,8,1,20,0.0
14,15,1,9,1,20,0.0
14,15,2,5,1,20,1.0
14,15,2,6,1,20,0.0
14,15,2,7,1,20,0.0
14,15,2,8,1,20,0.0
14,15,2,9,1,20,0.0
15,16,1,5,1,14,0.0
15,16,1,6,1,14,0.0
15,16,1,7,1,14,0.0
15,16,1,8,1,14,0.0
15,16,1,9,1,14,0.0
15,16,2,5,1,14,1.0
15,16,2,6,1,14,0.0
15,16,2,7,1,14,0.0
15,16,2,8,1,14,0.0
15,16,2,9,1,14,0.0
16,17,1,5,1,17,0.0
16,17,1,6,1,17,0.0
16,17,1,7,1,17,0.0
16,17,1,8,1,17,0.0
16,17,1,9,1,17,0.0
16,17,2,5,1,17,1.0
16,17,2,6,1,17,0.0
16,17,2,7,1,17,0.0
16,17,2,8,1,17,0.0
16,17,2,9,1,17,0.0
17,18,1,5,1,15,0.0
17,18,1,6,1,15,0.0
17,18,1,7,1,15,0.0
17,18,1,8,1,15,0.0
17,18,1,9,1,15,0.0
17,18,2,5,1,15,1.0
17,18,2,6,1,15,0.0
17,18,2,7,1,15,0.0
17,18,2,8,1,15,0.0
17,18,2,9,1,15,0.0
18,19,1,5,1,20,0.0
18,19,1,6,1,20,1.0
18,19,1,7,1,20,0.0
18,19,1,8,1,20,0.0
18,19,1,9,1,20,0.0
18,19,2,5,1,20,0.0
18,19,2,6,1,20,0.0
18,19,2,7,1,20,0.0
18,19,2,8,1,20,0.0
18,19,2,9,1,20,0.0
19,20,1,5,2,19,0.0
19,20,1,6,2,19,0.0
19,20,1,7,2,19,0.0
19,20,1,8,2,19,0.0
19,20,1,9,2,19,0.0
19,20,2,5,2,19,1.0
19,20,2,6,2,19,0.0
19,20,2,7,2,19,0.0
19,20,2,8,2,19,0.0
19,20,2,9,2,19,0.0
20,21,1,5,2,16,0.0
20,21,1,6,2,16,1.0
20,21,1,7,2,16,0.0
20,21,1,8,2,16,0.0
20,21,1,9,2,16,0.0
20,21,2,5,2,16,0.0
20,21,2,6,2,16,0.0
20,21,2,7,2,16,0.0
20,21,2,8,2,16,0.0
20,21,2,9,2,16,0.0
21,22,1,5,2,15,0.0
21,22,1,6,2,15,1.0
21,22,1,7,2,15,0.0
21,22,1,8,2,15,0.0
21,22,1,9,2,15,0.0
21,22,2,5,2,15,0.0
21,22,2,6,2,15,0.0
21,22,2,7,2,15,0.0
21,22,2,8,2,15,0.0
21,22,2,9,2,15,0.0
22,23,1,5,2,19,0.0
22,23,1,6,2,19,1.0
22,23,1,7,2,19,0.0
22,23,1,8,2,19,0.0
22,23,1,9,2,19,0.0
22,23,2,5,2,19,0.0
22,23,2,6,2,19,0.0
22,23,2,7,2,19,0.0
22,23,2,8,2,19,0.0
22,23,2,9,2,19,0.0
23,24,1,5,2,15,0.0
23,24,1,6,2,15,1.0
23,24,1,7,2,15,0.0
23,24,1,8,2,15,0.0
23,24,1,9,2,15,0.0
23,24,2,5,2,15,0.0
23,24,2,6,2,15,0.0
23,24,2,7,2,15,0.0
23,24,2,8,2,15,0.0
23,24,2,9,2,15,0.0
24,25,1,5,2,16,0.0
24,25,1,6,2,16,1.0
24,25,1,7,2,16,0.0
24,25,1,8,2,16,0.0
24,25,1,9,2,16,0.0
24,25,2,5,2,16,0.0
24,25,2,6,2,16,0.0
24,25,2,7,2,16,0.0
24,25,2,8,2,16,0.0
24,25,2,9,2,16,0.0
25,26,1,5,2,28,0.0
25,26,1,6,2,28,1.0
25,26,1,7,2,28,0.0
25,26,1,8,2,28,0.0
25,26,1,9,2,28,0.0
25,26,2,5,2,28,0.0
25,26,2,6,2,28,0.0
25,26,2,7,2,28,0.0
25,26,2,8,2,28,0.0
25,26,2,9,2,28,0.0
26,27,1,5,2,16,0.0
26,27,1,6,2,16,1.0
26,27,1,7,2,16,0.0
26,27,1,8,2,16,0.0
26,27,1,9,2,16,0.0
26,27,2,5,2,16,0.0
26,27,2,6,2,16,0.0
26,27,2,7,2,16,0.0
26,27,2,8,2,16,0.0
26,27,2,9,2,16,0.0
27,28,1,5,2,18,0.0
27,28,1,6,2,18,1.0
27,28,1,7,2,18,0.0
27,28,1,8,2,18,0.0
27,28,1,9,2,18,0.0
27,28,2,5,2,18,0.0
27,28,2,6,2,18,0.0
27,28,2,7,2,18,0.0
27,28,2,8,2,18,0.0
27,28,2,9,2,18,0.0
28,29,1,5,2,8,0.0
28,29,1,6,2,8,0.0
28,29,1,7,2,8,0.0
28,29,1,8,2,8,0.0
28,29,1,9,2,8,0.0
28,29,2,5,2,8,0.0
28,29,2,6,2,8,1.0
28,29,2,7,2,8,0.0
28,29,2,8,2,8,0.0
28,29,2,9,2,8,0.0
29,30,1,5,2,13,0.0
29,30,1,6,2,13,0.0
29,30,1,7,2,13,0.0
29,30,1,8,2,13,0.0
29,30,1,9,2,13,0.0
29,30,2,5,2,13,0.0
29,30,2,6,2,13,1.0
29,30,2,7,2,13,0.0
29,30,2,8,2,13,0.0
29,30,2,9,2,13,0.0
30,31,1,5,2,20,0.0
30,31,1,6,2,20,0.0
30,31,1,7,2,20,0.0
30,31,1,8,2,20,0.0
30,31,1,9,2,20,0.0
30,31,2,5,2,20,0.0
30,31,2,6,2,20,1.0
30,31,2,7,2,20,0.0
30,31,2,8,2,20,0.0
30,31,2,9,2,20,0.0
31,32,1,5,2,21,0.0
31,32,1,6,2,21,0.0
31,32,1,7,2,21,0.0
31,32,1,8,2,21,0.0
31,32,1,9,2,21,0.0
31,32,2,5,2,21,0.0
31,32,2,6,2,21,1.0
31,32,2,7,2,21,0.0
31,32,2,8,2,21,0.0
31,32,2,9,2,21,0.0
32,33,1,5,2,17,0.0
32,33,1,6,2,17,0.0
32,33,1,7,2,17,0.0
32,33,1,8,2,17,0.0
32,33,1,9,2,17,0.0
32,33,2,5,2,17,0.0
32,33,2,6,2,17,1.0
32,33,2,7,2,17,0.0
32,33,2,8,2,17,0.0
32,33,2,9,2,17,0.0
33,34,1,5,2,12,0.0
33,34,1,6,2,12,0.0
33,34,1,7,2,12,0.0
33,34,1,8,2,12,0.0
33,34,1,9,2,12,0.0
33,34,2,5,2,12,0.0
33,34,2,6,2,12,1.0
33,34,2,7,2,12,0.0
33,34,2,8,2,12,0.0
33,34,2,9,2,12,0.0
34,35,1,5,2,17,0.0
34,35,1,6,2,17,0.0
34,35,1,7,2,17,0.0
34,35,1,8,2,17,0.0
34,35,1,9,2,17,0.0
34,35,2,5,2,17,0.0
34,35,2,6,2,17,1.0
34,35,2,7,2,17,0.0
34,35,2,8,2,17,0.0
34,35,2,9,2,17,0.0
35,36,1,5,2,7,0.0
35,36,1,6,2,7,0.0
35,36,1,7,2,7,0.0
35,36,1,8,2,7,0.0
35,36,1,9,2,7,0.0
35,36,2,5,2,7,0.0
35,36,2,6,2,7,1.0
35,36,2,7,2,7,0.0
35,36,2,8,2,7,0.0
35,36,2,9,2,7,0.0
36,37,1,5,2,12,0.0
36,37,1,6,2,12,0.0
36,37,1,7,2,12,1.0
36,37,1,8,2,12,0.0
36,37,1,9,2,12,0.0
36,37,2,5,2,12,0.0
36,37,2,6,2,12,0.0
36,37,2,7,2,12,0.0
36,37,2,8,2,12,0.0
36,37,2,9,2,12,0.0
37,38,1,5,2,1,0.0
37,38,1,6,2,1,0.0
37,38,1,7,2,1,1.0
37,38,1,8,2,1,0.0
37,38,1,9,2,1,0.0
37,38,2,5,2,1,0.0
37,38,2,6,2,1,0.0
37,38,2,7,2,1,0.0
37,38,2,8,2,1,0.0
37,38,2,9,2,1,0.0
38,39,1,5,2,11,0.0
38,39,1,6,2,11,0.0
38,39,1,7,2,11,1.0
38,39,1,8,2,11,0.0
38,39,1,9,2,11,0.0
38,39,2,5,2,11,0.0
38,39,2,6,2,11,0.0
38,39,2,7,2,11,0.0
38,39,2,8,2,11,0.0
38,39,2,9,2,11,0.0
39,40,1,5,2,16,0.0
39,40,1,6,2,16,0.0
39,40,1,7,2,16,1.0
39,40,1,8,2,16,0.0
39,40,1,9,2,16,0.0
39,40,2,5,2,16,0.0
39,40,2,6,2,16,0.0
39,40,2,7,2,16,0.0
39,40,2,8,2,16,0.0
39,40,2,9,2,16,0.0
40,41,1,5,2,21,0.0
40,41,1,6,2,21,0.0
40,41,1,7,2,21,1.0
40,41,1,8,2,21,0.0
40,41,1,9,2,21,0.0
40,41,2,5,2,21,0.0
40,41,2,6,2,21,0.0
40,41,2,7,2,21,0.0
40,41,2,8,2,21,0.0
40,41,2,9,2,21,0.0
41,42,1,5,2,14,0.0
41,42,1,6,2,14,0.0
41,42,1,7,2,14,1.0
41,42,1,8,2,14,0.0
41,42,1,9,2,14,0.0
41,42,2,5,2,14,0.0
41,42,2,6,2,14,0.0
41,42,2,7,2,14,0.0
41,42,2,8,2,14,0.0
41,42,2,9,2,14,0.0
42,43,1,5,2,22,0.0
42,43,1,6,2,22,0.0
42,43,1,7,2,22,1.0
42,43,1,8,2,22,0.0
42,43,1,9,2,22,0.0
42,43,2,5,2,22,0.0
42,43,2,6,2,22,0.0
42,43,2,7,2,22,0.0
42,43,2,8,2,22,0.0
42,43,2,9,2,22,0.0
43,44,1,5,2,15,0.0
43,44,1,6,2,15,0.0
43,44,1,7,2,15,1.0
43,44,1,8,2,15,0.0
43,44,1,9,2,15,0.0
43,44,2,5,2,15,0.0
43,44,2,6,2,15,0.0
43,44,2,7,2,15,0.0
43,44,2,8,2,15,0.0
43,44,2,9,2,15,0.0
44,45,1,5,2,16,0.0
44,45,1,6,2,16,0.0
44,45,1,7,2,16,1.0
44,45,1,8,2,16,0.0
44,45,1,9,2,16,0.0
44,45,2,5,2,16,0.0
44,45,2,6,2,16,0.0
44,45,2,7,2,16,0.0
44,45,2,8,2,16,0.0
44,45,2,9,2,16,0.0
45,46,1,5,2,15,0.0
45,46,1,6,2,15,0.0
45,46,1,7,2,15,0.0
45,46,1,8,2,15,0.0
45,46,1,9,2,15,0.0
45,46,2,5,2,15,0.0
45,46,2,6,2,15,0.0
45,46,2,7,2,15,1.0
45,46,2,8,2,15,0.0
45,46,2,9,2,15,0.0
46,47,1,5,2,13,0.0
46,47,1,6,2,13,0.0
46,47,1,7,2,13,0.0
46,47,1,8,2,13,0.0
46,47,1,9,2,13,0.0
46,47,2,5,2,13,0.0
46,47,2,6,2,13,0.0
46,47,2,7,2,13,1.0
46,47,2,8,2,13,0.0
46,47,2,9,2,13,0.0
47,48,1,5,2,11,0.0
47,48,1,6,2,11,0.0
47,48,1,7,2,11,0.0
47,48,1,8,2,11,0.0
47,48,1,9,2,11,0.0
47,48,2,5,2,11,0.0
47,48,2,6,2,11,0.0
47,48,2,7,2,11,1.0
47,48,2,8,2,11,0.0
47,48,2,9,2,11,0.0
48,49,1,5,3,20,0.0
48,49,1,6,3,20,0.0
48,49,1,7,3,20,0.0
48,49,1,8,3,20,0.0
48,49,1,9,3,20,0.0
48,49,2,5,3,20,0.0
48,49,2,6,3,20,0.0
48,49,2,7,3,20,1.0
48,49,2,8,3,20,0.0
48,49,2,9,3,20,0.0
49,50,1,5,3,22,0.0
49,50,1,6,3,22,0.0
49,50,1,7,3,22,0.0
49,50,1,8,3,22,0.0
49,50,1,9,3,22,0.0
49,50,2,5,3,22,0.0
49,50,2,6,3,22,0.0
49,50,2,7,3,22,1.0
49,50,2,8,3,22,0.0
49,50,2,9,3,22,0.0
50,51,1,5,3,19,0.0
50,51,1,6,3,19,0.0
50,51,1,7,3,19,0.0
50,51,1,8,3,19,0.0
50,51,1,9,3,19,0.0
50,51,2,5,3,19,1.0
50,51,2,6,3,19,0.0
50,51,2,7,3,19,0.0
50,51,2,8,3,19,0.0
50,51,2,9,3,19,0.0
51,52,1,5,3,14,0.0
51,52,1,6,3,14,0.0
51,52,1,7,3,14,0.0
51,52,1,8,3,14,0.0
51,52,1,9,3,14,0.0
51,52,2,5,3,14,0.0
51,52,2,6,3,14,0.0
51,52,2,7,3,14,1.0
51,52,2,8,3,14,0.0
51,52,2,9,3,14,0.0
52,53,1,5,3,8,0.0
52,53,1,6,3,8,0.0
52,53,1,7,3,8,0.0
52,53,1,8,3,8,0.0
52,53,1,9,3,8,0.0
52,53,2,5,3,8,0.0
52,53,2,6,3,8,0.0
52,53,2,7,3,8,1.0
52,53,2,8,3,8,0.0
52,53,2,9,3,8,0.0
53,54,1,5,3,5,0.0
53,54,1,6,3,5,0.0
53,54,1,7,3,5,0.0
53,54,1,8,3,5,0.0
53,54,1,9,3,5,0.0
53,54,2,5,3,5,0.0
53,54,2,6,3,5,0.0
53,54,2,7,3,5,1.0
53,54,2,8,3,5,0.0
53,54,2,9,3,5,0.0
54,55,1,5,3,5,0.0
54,55,1,6,3,5,0.0
54,55,1,7,3,5,0.0
54,55,1,8,3,5,0.0
54,55,1,9,3,5,0.0
54,55,2,5,3,5,0.0
54,55,2,6,3,5,0.0
54,55,2,7,3,5,1.0
54,55,2,8,3,5,0.0
54,55,2,9,3,5,0.0
55,56,1,5,3,6,0.0
55,56,1,6,3,6,0.0
55,56,1,7,3,6,0.0
55,56,1,8,3,6,0.0
55,56,1,9,3,6,0.0
55,56,2,5,3,6,0.0
55,56,2,6,3,6,0.0
55,56,2,7,3,6,1.0
55,56,2,8,3,6,0.0
55,56,2,9,3,6,0.0
56,57,1,5,3,14,0.0
56,57,1,6,3,14,0.0
56,57,1,7,3,14,0.0
56,57,1,8,3,14,1.0
56,57,1,9,3,14,0.0
56,57,2,5,3,14,0.0
56,57,2,6,3,14,0.0
56,57,2,7,3,14,0.0
56,57,2,8,3,14,0.0
56,57,2,9,3,14,0.0
57,58,1,5,3,13,0.0
57,58,1,6,3,13,0.0
57,58,1,7,3,13,0.0
57,58,1,8,3,13,1.0
57,58,1,9,3,13,0.0
57,58,2,5,3,13,0.0
57,58,2,6,3,13,0.0
57,58,2,7,3,13,0.0
57,58,2,8,3,13,0.0
57,58,2,9,3,13,0.0
58,59,1,5,3,18,0.0
58,59,1,6,3,18,0.0
58,59,1,7,3,18,0.0
58,59,1,8,3,18,1.0
58,59,1,9,3,18,0.0
58,59,2,5,3,18,0.0
58,59,2,6,3,18,0.0
58,59,2,7,3,18,0.0
58,59,2,8,3,18,0.0
58,59,2,9,3,18,0.0
59,60,1,5,3,13,0.0
59,60,1,6,3,13,0.0
59,60,1,7,3,13,0.0
59,60,1,8,3,13,1.0
59,60,1,9,3,13,0.0
59,60,2,5,3,13,0.0
59,60,2,6,3,13,0.0
59,60,2,7,3,13,0.0
59,60,2,8,3,13,0.0
59,60,2,9,3,13,0.0
60,61,1,5,3,25,0.0
60,61,1,6,3,25,0.0
60,61,1,7,3,25,0.0
60,61,1,8,3,25,1.0
60,61,1,9,3,25,0.0
60,61,2,5,3,25,0.0
60,61,2,6,3,25,0.0
60,61,2,7,3,25,0.0
60,61,2,8,3,25,0.0
60,61,2,9,3,25,0.0
61,62,1,5,3,9,0.0
61,62,1,6,3,9,0.0
61,62,1,7,3,9,0.0
61,62,1,8,3,9,1.0
61,62,1,9,3,9,0.0
61,62,2,5,3,9,0.0
61,62,2,6,3,9,0.0
61,62,2,7,3,9,0.0
61,62,2,8,3,9,0.0
61,62,2,9,3,9,0.0
62,63,1,5,3,15,0.0
62,63,1,6,3,15,0.0
62,63,1,7,3,15,0.0
62,63,1,8,3,15,1.0
62,63,1,9,3,15,0.0
62,63,2,5,3,15,0.0
62,63,2,6,3,15,0.0
62,63,2,7,3,15,0.0
62,63,2,8,3,15,0.0
62,63,2,9,3,15,0.0
63,64,1,5,3,24,0.0
63,64,1,6,3,24,0.0
63,64,1,7,3,24,0.0
63,64,1,8,3,24,1.0
63,64,1,9,3,24,0.0
63,64,2,5,3,24,0.0
63,64,2,6,3,24,0.0
63,64,2,7,3,24,0.0
63,64,2,8,3,24,0.0
63,64,2,9,3,24,0.0
64,65,1,5,4,24,0.0
64,65,1,6,4,24,0.0
64,65,1,7,4,24,0.0
64,65,1,8,4,24,1.0
64,65,1,9,4,24,0.0
64,65,2,5,4,24,0.0
64,65,2,6,4,24,0.0
64,65,2,7,4,24,0.0
64,65,2,8,4,24,0.0
64,65,2,9,4,24,0.0
65,66,1,5,4,11,0.0
65,66,1,6,4,11,0.0
65,66,1,7,4,11,0.0
65,66,1,8,4,11,0.0
65,66,1,9,4,11,0.0
65,66,2,5,4,11,0.0
65,66,2,6,4,11,0.0
65,66,2,7,4,11,0.0
65,66,2,8,4,11,1.0
65,66,2,9,4,11,0.0
66,67,1,5,4,11,0.0
66,67,1,6,4,11,0.0
66,67,1,7,4,11,0.0
66,67,1,8,4,11,0.0
66,67,1,9,4,11,0.0
66,67,2,5,4,11,0.0
66,67,2,6,4,11,0.0
66,67,2,7,4,11,0.0
66,67,2,8,4,11,1.0
66,67,2,9,4,11,0.0
67,68,1,5,4,13,0.0
67,68,1,6,4,13,0.0
67,68,1,7,4,13,0.0
67,68,1,8,4,13,0.0
67,68,1,9,4,13,0.0
67,68,2,5,4,13,0.0
67,68,2,6,4,13,0.0
67,68,2,7,4,13,0.0
67,68,2,8,4,13,1.0
67,68,2,9,4,13,0.0
68,69,1,5,4,14,0.0
68,69,1,6,4,14,0.0
68,69,1,7,4,14,0.0
68,69,1,8,4,14,0.0
68,69,1,9,4,14,0.0
68,69,2,5,4,14,0.0
68,69,2,6,4,14,0.0
68,69,2,7,4,14,0.0
68,69,2,8,4,14,1.0
68,69,2,9,4,14,0.0
69,70,1,5,4,17,0.0
69,70,1,6,4,17,0.0
69,70,1,7,4,17,0.0
69,70,1,8,4,17,0.0
69,70,1,9,4,17,0.0
69,70,2,5,4,17,0.0
69,70,2,6,4,17,0.0
69,70,2,7,4,17,0.0
69,70,2,8,4,17,1.0
69,70,2,9,4,17,0.0
70,71,1,5,4,8,0.0
70,71,1,6,4,8,0.0
70,71,1,7,4,8,0.0
70,71,1,8,4,8,0.0
70,71,1,9,4,8,0.0
70,71,2,5,4,8,0.0
70,71,2,6,4,8,1.0
70,71,2,7,4,8,0.0
70,71,2,8,4,8,0.0
70,71,2,9,4,8,0.0
71,72,1,5,4,8,0.0
71,72,1,6,4,8,0.0
71,72,1,7,4,8,0.0
71,72,1,8,4,8,0.0
71,72,1,9,4,8,0.0
71,72,2,5,4,8,0.0
71,72,2,6,4,8,0.0
71,72,2,7,4,8,0.0
71,72,2,8,4,8,1.0
71,72,2,9,4,8,0.0
72,73,1,5,4,18,0.0
72,73,1,6,4,18,0.0
72,73,1,7,4,18,0.0
72,73,1,8,4,18,0.0
72,73,1,9,4,18,0.0
72,73,2,5,4,18,0.0
72,73,2,6,4,18,0.0
72,73,2,7,4,18,0.0
72,73,2,8,4,18,1.0
72,73,2,9,4,18,0.0
73,74,1,5,4,19,0.0
73,74,1,6,4,19,0.0
73,74,1,7,4,19,0.0
73,74,1,8,4,19,0.0
73,74,1,9,4,19,0.0
73,74,2,5,4,19,0.0
73,74,2,6,4,19,0.0
73,74,2,7,4,19,0.0
73,74,2,8,4,19,1.0
73,74,2,9,4,19,0.0
74,75,1,5,4,14,0.0
74,75,1,6,4,14,0.0
74,75,1,7,4,14,0.0
74,75,1,8,4,14,0.0
74,75,1,9,4,14,0.0
74,75,2,5,4,14,0.0
74,75,2,6,4,14,0.0
74,75,2,7,4,14,0.0
74,75,2,8,4,14,1.0
74,75,2,9,4,14,0.0
75,76,1,5,4,8,0.0
75,76,1,6,4,8,0.0
75,76,1,7,4,8,0.0
75,76,1,8,4,8,0.0
75,76,1,9,4,8,1.0
75,76,2,5,4,8,0.0
75,76,2,6,4,8,0.0
75,76,2,7,4,8,0.0
75,76,2,8,4,8,0.0
75,76,2,9,4,8,0.0
76,77,1,5,4,18,0.0
76,77,1,6,4,18,0.0
76,77,1,7,4,18,0.0
76,77,1,8,4,18,0.0
76,77,1,9,4,18,1.0
76,77,2,5,4,18,0.0
76,77,2,6,4,18,0.0
76,77,2,7,4,18,0.0
76,77,2,8,4,18,0.0
76,77,2,9,4,18,0.0
77,78,1,5,4,18,0.0
77,78,1,6,4,18,0.0
77,78,1,7,4,18,0.0
77,78,1,8,4,18,0.0
77,78,1,9,4,18,1.0
77,78,2,5,4,18,0.0
77,78,2,6,4,18,0.0
77,78,2,7,4,18,0.0
77,78,2,8,4,18,0.0
77,78,2,9,4,18,0.0
78,79,1,5,4,22,0.0
78,79,1,6,4,22,0.0
78,79,1,7,4,22,0.0
78,79,1,8,4,22,0.0
78,79,1,9,4,22,1.0
78,79,2,5,4,22,0.0
78,79,2,6,4,22,0.0
78,79,2,7,4,22,0.0
78,79,2,8,4,22,0.0
78,79,2,9,4,22,0.0
79,80,1,5,4,13,0.0
79,80,1,6,4,13,0.0
79,80,1,7,4,13,0.0
79,80,1,8,4,13,0.0
79,80,1,9,4,13,1.0
79,80,2,5,4,13,0.0
79,80,2,6,4,13,0.0
79,80,2,7,4,13,0.0
79,80,2,8,4,13,0.0
79,80,2,9,4,13,0.0
0,81,1,10,4,11,1.0
0,81,1,11,4,11,0.0
0,81,1,12,4,11,0.0
0,81,1,13,4,11,0.0
0,81,1,14,4,11,0.0
0,81,2,10,4,11,0.0
0,81,2,11,4,11,0.0
0,81,2,12,4,11,0.0
0,81,2,13,4,11,0.0
0,81,2,14,4,11,0.0
1,82,1,10,4,11,1.0
1,82,1,11,4,11,0.0
1,82,1,12,4,11,0.0
1,82,1,13,4,11,0.0
1,82,1,14,4,11,0.0
1,82,2,10,4,11,0.0
1,82,2,11,4,11,0.0
1,82,2,12,4,11,0.0
1,82,2,13,4,11,0.0
1,82,2,14,4,11,0.0
2,83,1,10,4,20,1.0
2,83,1,11,4,20,0.0
2,83,1,12,4,20,0.0
2,83,1,13,4,20,0.0
2,83,1,14,4,20,0.0
2,83,2,10,4,20,0.0
2,83,2,11,4,20,0.0
2,83,2,12,4,20,0.0
2,83,2,13,4,20,0.0
2,83,2,14,4,20,0.0
3,84,1,10,4,19,1.0
3,84,1,11,4,19,0.0
3,84,1,12,4,19,0.0
3,84,1,13,4,19,0.0
3,84,1,14,4,19,0.0
3,84,2,10,4,19,0.0
3,84,2,11,4,19,0.0
3,84,2,12,4,19,0.0
3,84,2,13,4,19,0.0
3,84,2,14,4,19,0.0
4,85,1,10,4,15,1.0
4,85,1,11,4,15,0.0
4,85,1,12,4,15,0.0
4,85,1,13,4,15,0.0
4,85,1,14,4,15,0.0
4,85,2,10,4,15,0.0
4,85,2,11,4,15,0.0
4,85,2,12,4,15,0.0
4,85,2,13,4,15,0.0
4,85,2,14,4,15,0.0
5,86,1,10,4,17,1.0
5,86,1,11,4,17,0.0
5,86,1,12,4,17,0.0
5,86,1,13,4,17,0.0
5,86,1,14,4,17,0.0
5,86,2,10,4,17,0.0
5,86,2,11,4,17,0.0
5,86,2,12,4,17,0.0
5,86,2,13,4,17,0.0
5,86,2,14,4,17,0.0
6,87,1,10,4,12,1.0
6,87,1,11,4,12,0.0
6,87,1,12,4,12,0.0
6,87,1,13,4,12,0.0
6,87,1,14,4,12,0.0
6,87,2,10,4,12,0.0
6,87,2,11,4,12,0.0
6,87,2,12,4,12,0.0
6,87,2,13,4,12,0.0
6,87,2,14,4,12,0.0
7,88,1,10,4,20,1.0
7,88,1,11,4,20,0.0
7,88,1,12,4,20,0.0
7,88,1,13,4,20,0.0
7,88,1,14,4,20,0.0
7,88,2,10,4,20,0.0
7,88,2,11,4,20,0.0
7,88,2,12,4,20,0.0
7,88,2,13,4,20,0.0
7,88,2,14,4,20,0.0
8,89,1,10,4,24,1.0
8,89,1,11,4,24,0.0
8,89,1,12,4,24,0.0
8,89,1,13,4,24,0.0
8,89,1,14,4,24,0.0
8,89,2,10,4,24,0.0
8,89,2,11,4,24,0.0
8,89,2,12,4,24,0.0
8,89,2,13,4,24,0.0
8,89,2,14,4,24,0.0
9,90,1,10,4,10,0.0
9,90,1,11,4,10,0.0
9,90,1,12,4,10,0.0
9,90,1,13,4,10,0.0
9,90,1,14,4,10,0.0
9,90,2,10,4,10,1.0
9,90,2,11,4,10,0.0
9,90,2,12,4,10,0.0
9,90,2,13,4,10,0.0
9,90,2,14,4,10,0.0
10,91,1,10,4,15,1.0
10,91,1,11,4,15,0.0
10,91,1,12,4,15,0.0
10,91,1,13,4,15,0.0
10,91,1,14,4,15,0.0
10,91,2,10,4,15,0.0
10,91,2,11,4,15,0.0
10,91,2,12,4,15,0.0
10,91,2,13,4,15,0.0
10,91,2,14,4,15,0.0
11,92,1,10,4,22,0.0
11,92,1,11,4,22,0.0
11,92,1,12,4,22,0.0
11,92,1,13,4,22,0.0
11,92,1,14,4,22,0.0
11,92,2,10,4,22,1.0
11,92,2,11,4,22,0.0
11,92,2,12,4,22,0.0
11,92,2,13,4,22,0.0
11,92,2,14,4,22,0.0
12,93,1,10,4,6,0.0
12,93,1,11,4,6,0.0
12,93,1,12,4,6,0.0
12,93,1,13,4,6,0.0
12,93,1,14,4,6,0.0
12,93,2,10,4,6,1.0
12,93,2,11,4,6,0.0
12,93,2,12,4,6,0.0
12,93,2,13,4,6,0.0
12,93,2,14,4,6,0.0
13,94,1,10,4,20,0.0
13,94,1,11,4,20,0.0
13,94,1,12,4,20,0.0
13,94,1,13,4,20,0.0
13,94,1,14,4,20,0.0
13,94,2,10,4,20,1.0
13,94,2,11,4,20,0.0
13,94,2,12,4,20,0.0
13,94,2,13,4,20,0.0
13,94,2,14,4,20,0.0
14,95,1,10,4,14,0.0
14,95,1,11,4,14,0.0
14,95,1,12,4,14,0.0
14,95,1,13,4,14,0.0
14,95,1,14,4,14,0.0
14,95,2,10,4,14,1.0
14,95,2,11,4,14,0.0
14,95,2,12,4,14,0.0
14,95,2,13,4,14,0.0
14,95,2,14,4,14,0.0
15,96,1,10,4,11,0.0
15,96,1,11,4,11,0.0
15,96,1,12,4,11,0.0
15,96,1,13,4,11,0.0
15,96,1,14,4,11,0.0
15,96,2,10,4,11,1.0
15,96,2,11,4,11,0.0
15,96,2,12,4,11,0.0
15,96,2,13,4,11,0.0
15,96,2,14,4,11,0.0
16,97,1,10,4,9,0.0
16,97,1,11,4,9,0.0
16,97,1,12,4,9,0.0
16,97,1,13,4,9,0.0
16,97,1,14,4,9,0.0
16,97,2,10,4,9,1.0
16,97,2,11,4,9,0.0
16,97,2,12,4,9,0.0
16,97,2,13,4,9,0.0
16,97,2,14,4,9,0.0
17,98,1,10,5,9,0.0
17,98,1,11,5,9,0.0
17,98,1,12,5,9,0.0
17,98,1,13,5,9,0.0
17,98,1,14,5,9,0.0
17,98,2,10,5,9,1.0
17,98,2,11,5,9,0.0
17,98,2,12,5,9,0.0
17,98,2,13,5,9,0.0
17,98,2,14,5,9,0.0
18,99,1,10,5,10,0.0
18,99,1,11,5,10,0.0
18,99,1,12,5,10,0.0
18,99,1,13,5,10,0.0
18,99,1,14,5,10,0.0
18,99,2,10,5,10,1.0
18,99,2,11,5,10,0.0
18,99,2,12,5,10,0.0
18,99,2,13,5,10,0.0
18,99,2,14,5,10,0.0
19,100,1,10,5,9,0.0
19,100,1,11,5,9,1.0
19,100,1,12,5,9,0.0
19,100,1,13,5,9,0.0
19,100,1,14,5,9,0.0
19,100,2,10,5,9,0.0
19,100,2,11,5,9,0.0
19,100,2,12,5,9,0.0
19,100,2,13,5,9,0.0
19,100,2,14,5,9,0.0
20,101,1,10,5,15,0.0
20,101,1,11,5,15,0.0
20,101,1,12,5,15,0.0
20,101,1,13,5,15,0.0
20,101,1,14,5,15,0.0
20,101,2,10,5,15,1.0
20,101,2,11,5,15,0.0
20,101,2,12,5,15,0.0
20,101,2,13,5,15,0.0
20,101,2,14,5,15,0.0
21,102,1,10,5,10,0.0
21,102,1,11,5,10,1.0
21,102,1,12,5,10,0.0
21,102,1,13,5,10,0.0
21,102,1,14,5,10,0.0
21,102,2,10,5,10,0.0
21,102,2,11,5,10,0.0
21,102,2,12,5,10,0.0
21,102,2,13,5,10,0.0
21,102,2,14,5,10,0.0
22,103,1,10,5,14,0.0
22,103,1,11,5,14,1.0
22,103,1,12,5,14,0.0
22,103,1,13,5,14,0.0
22,103,1,14,5,14,0.0
22,103,2,10,5,14,0.0
22,103,2,11,5,14,0.0
22,103,2,12,5,14,0.0
22,103,2,13,5,14,0.0
22,103,2,14,5,14,0.0
23,104,1,10,5,23,0.0
23,104,1,11,5,23,1.0
23,104,1,12,5,23,0.0
23,104,1,13,5,23,0.0
23,104,1,14,5,23,0.0
23,104,2,10,5,23,0.0
23,104,2,11,5,23,0.0
23,104,2,12,5,23,0.0
23,104,2,13,5,23,0.0
23,104,2,14,5,23,0.0
24,105,1,10,5,15,0.0
24,105,1,11,5,15,1.0
24,105,1,12,5,15,0.0
24,105,1,13,5,15,0.0
24,105,1,14,5,15,0.0
24,105,2,10,5,15,0.0
24,105,2,11,5,15,0.0
24,105,2,12,5,15,0.0
24,105,2,13,5,15,0.0
24,105,2,14,5,15,0.0
25,106,1,10,5,15,0.0
25,106,1,11,5,15,1.0
25,106,1,12,5,15,0.0
25,106,1,13,5,15,0.0
25,106,1,14,5,15,0.0
25,106,2,10,5,15,0.0
25,106,2,11,5,15,0.0
25,106,2,12,5,15,0.0
25,106,2,13,5,15,0.0
25,106,2,14,5,15,0.0
26,107,1,10,5,14,0.0
26,107,1,11,5,14,1.0
26,107,1,12,5,14,0.0
26,107,1,13,5,14,0.0
26,107,1,14,5,14,0.0
26,107,2,10,5,14,0.0
26,107,2,11,5,14,0.0
26,107,2,12,5,14,0.0
26,107,2,13,5,14,0.0
26,107,2,14,5,14,0.0
27,108,1,10,5,13,0.0
27,108,1,11,5,13,1.0
27,108,1,12,5,13,0.0
27,108,1,13,5,13,0.0
27,108,1,14,5,13,0.0
27,108,2,10,5,13,0.0
27,108,2,11,5,13,0.0
27,108,2,12,5,13,0.0
27,108,2,13,5,13,0.0
27,108,2,14,5,13,0.0
28,109,1,10,5,19,0.0
28,109,1,11,5,19,1.0
28,109,1,12,5,19,0.0
28,109,1,13,5,19,0.0
28,109,1,14,5,19,0.0
28,109,2,10,5,19,0.0
28,109,2,11,5,19,0.0
28,109,2,12,5,19,0.0
28,109,2,13,5,19,0.0
28,109,2,14,5,19,0.0
29,110,1,10,5,24,0.0
29,110,1,11,5,24,0.0
29,110,1,12,5,24,0.0
29,110,1,13,5,24,0.0
29,110,1,14,5,24,0.0
29,110,2,10,5,24,0.0
29,110,2,11,5,24,1.0
29,110,2,12,5,24,0.0
29,110,2,13,5,24,0.0
29,110,2,14,5,24,0.0
30,111,1,10,5,11,0.0
30,111,1,11,5,11,1.0
30,111,1,12,5,11,0.0
30,111,1,13,5,11,0.0
30,111,1,14,5,11,0.0
30,111,2,10,5,11,0.0
30,111,2,11,5,11,0.0
30,111,2,12,5,11,0.0
30,111,2,13,5,11,0.0
30,111,2,14,5,11,0.0
31,112,1,10,5,17,0.0
31,112,1,11,5,17,0.0
31,112,1,12,5,17,0.0
31,112,1,13,5,17,0.0
31,112,1,14,5,17,0.0
31,112,2,10,5,17,0.0
31,112,2,11,5,17,1.0
31,112,2,12,5,17,0.0
31,112,2,13,5,17,0.0
31,112,2,14,5,17,0.0
32,113,1,10,5,11,0.0
32,113,1,11,5,11,0.0
32,113,1,12,5,11,0.0
32,113,1,13,5,11,0.0
32,113,1,14,5,11,0.0
32,113,2,10,5,11,0.0
32,113,2,11,5,11,1.0
32,113,2,12,5,11,0.0
32,113,2,13,5,11,0.0
32,113,2,14,5,11,0.0
33,114,1,10,5,11,0.0
33,114,1,11,5,11,0.0
33,114,1,12,5,11,0.0
33,114,1,13,5,11,0.0
33,114,1,14,5,11,0.0
33,114,2,10,5,11,0.0
33,114,2,11,5,11,1.0
33,114,2,12,5,11,0.0
33,114,2,13,5,11,0.0
33,114,2,14,5,11,0.0
34,115,1,10,5,13,0.0
34,115,1,11,5,13,0.0
34,115,1,12,5,13,0.0
34,115,1,13,5,13,0.0
34,115,1,14,5,13,0.0
34,115,2,10,5,13,0.0
34,115,2,11,5,13,1.0
34,115,2,12,5,13,0.0
34,115,2,13,5,13,0.0
34,115,2,14,5,13,0.0
35,116,1,10,5,18,0.0
35,116,1,11,5,18,0.0
35,116,1,12,5,18,0.0
35,116,1,13,5,18,0.0
35,116,1,14,5,18,0.0
35,116,2,10,5,18,0.0
35,116,2,11,5,18,1.0
35,116,2,12,5,18,0.0
35,116,2,13,5,18,0.0
35,116,2,14,5,18,0.0
36,117,1,10,5,18,0.0
36,117,1,11,5,18,0.0
36,117,1,12,5,18,0.0
36,117,1,13,5,18,0.0
36,117,1,14,5,18,0.0
36,117,2,10,5,18,0.0
36,117,2,11,5,18,1.0
36,117,2,12,5,18,0.0
36,117,2,13,5,18,0.0
36,117,2,14,5,18,0.0
37,118,1,10,5,5,0.0
37,118,1,11,5,5,0.0
37,118,1,12,5,5,0.0
37,118,1,13,5,5,0.0
37,118,1,14,5,5,0.0
37,118,2,10,5,5,0.0
37,118,2,11,5,5,1.0
37,118,2,12,5,5,0.0
37,118,2,13,5,5,0.0
37,118,2,14,5,5,0.0
38,119,1,10,5,19,0.0
38,119,1,11,5,19,0.0
38,119,1,12,5,19,0.0
38,119,1,13,5,19,0.0
38,119,1,14,5,19,0.0
38,119,2,10,5,19,0.0
38,119,2,11,5,19,1.0
38,119,2,12,5,19,0.0
38,119,2,13,5,19,0.0
38,119,2,14,5,19,0.0
39,120,1,10,5,21,0.0
39,120,1,11,5,21,0.0
39,120,1,12,5,21,0.0
39,120,1,13,5,21,0.0
39,120,1,14,5,21,0.0
39,120,2,10,5,21,0.0
39,120,2,11,5,21,1.0
39,120,2,12,5,21,0.0
39,120,2,13,5,21,0.0
39,120,2,14,5,21,0.0
40,121,1,10,6,27,0.0
40,121,1,11,6,27,0.0
40,121,1,12,6,27,0.0
40,121,1,13,6,27,0.0
40,121,1,14,6,27,0.0
40,121,2,10,6,27,0.0
40,121,2,11,6,27,1.0
40,121,2,12,6,27,0.0
40,121,2,13,6,27,0.0
40,121,2,14,6,27,0.0
41,122,1,10,6,20,0.0
41,122,1,11,6,20,0.0
41,122,1,12,6,20,1.0
41,122,1,13,6,20,0.0
41,122,1,14,6,20,0.0
41,122,2,10,6,20,0.0
41,122,2,11,6,20,0.0
41,122,2,12,6,20,0.0
41,122,2,13,6,20,0.0
41,122,2,14,6,20,0.0
42,123,1,10,6,15,0.0
42,123,1,11,6,15,0.0
42,123,1,12,6,15,1.0
42,123,1,13,6,15,0.0
42,123,1,14,6,15,0.0
42,123,2,10,6,15,0.0
42,123,2,11,6,15,0.0
42,123,2,12,6,15,0.0
42,123,2,13,6,15,0.0
42,123,2,14,6,15,0.0
43,124,1,10,6,7,0.0
43,124,1,11,6,7,0.0
43,124,1,12,6,7,1.0
43,124,1,13,6,7,0.0
43,124,1,14,6,7,0.0
43,124,2,10,6,7,0.0
43,124,2,11,6,7,0.0
43,124,2,12,6,7,0.0
43,124,2,13,6,7,0.0
43,124,2,14,6,7,0.0
44,125,1,10,6,22,0.0
44,125,1,11,6,22,0.0
44,125,1,12,6,22,1.0
44,125,1,13,6,22,0.0
44,125,1,14,6,22,0.0
44,125,2,10,6,22,0.0
44,125,2,11,6,22,0.0
44,125,2,12,6,22,0.0
44,125,2,13,6,22,0.0
44,125,2,14,6,22,0.0
45,126,1,10,6,7,0.0
45,126,1,11,6,7,0.0
45,126,1,12,6,7,1.0
45,126,1,13,6,7,0.0
45,126,1,14,6,7,0.0
45,126,2,10,6,7,0.0
45,126,2,11,6,7,0.0
45,126,2,12,6,7,0.0
45,126,2,13,6,7,0.0
45,126,2,14,6,7,0.0
46,127,1,10,6,15,0.0
46,127,1,11,6,15,0.0
46,127,1,12,6,15,1.0
46,127,1,13,6,15,0.0
46,127,1,14,6,15,0.0
46,127,2,10,6,15,0.0
46,127,2,11,6,15,0.0
46,127,2,12,6,15,0.0
46,127,2,13,6,15,0.0
46,127,2,14,6,15,0.0
47,128,1,10,6,16,0.0
47,128,1,11,6,16,0.0
47,128,1,12,6,16,1.0
47,128,1,13,6,16,0.0
47,128,1,14,6,16,0.0
47,128,2,10,6,16,0.0
47,128,2,11,6,16,0.0
47,128,2,12,6,16,0.0
47,128,2,13,6,16,0.0
47,128,2,14,6,16,0.0
48,129,1,10,6,16,0.0
48,129,1,11,6,16,0.0
48,129,1,12,6,16,1.0
48,129,1,13,6,16,0.0
48,129,1,14,6,16,0.0
48,129,2,10,6,16,0.0
48,129,2,11,6,16,0.0
48,129,2,12,6,16,0.0
48,129,2,13,6,16,0.0
48,129,2,14,6,16,0.0
49,130,1,10,6,12,0.0
49,130,1,11,6,12,0.0
49,130,1,12,6,12,0.0
49,130,1,13,6,12,0.0
49,130,1,14,6,12,0.0
49,130,2,10,6,12,0.0
49,130,2,11,6,12,0.0
49,130,2,12,6,12,1.0
49,130,2,13,6,12,0.0
49,130,2,14,6,12,0.0
50,131,1,10,6,17,0.0
50,131,1,11,6,17,0.0
50,131,1,12,6,17,1.0
50,131,1,13,6,17,0.0
50,131,1,14,6,17,0.0
50,131,2,10,6,17,0.0
50,131,2,11,6,17,0.0
50,131,2,12,6,17,0.0
50,131,2,13,6,17,0.0
50,131,2,14,6,17,0.0
51,132,1,10,6,10,0.0
51,132,1,11,6,10,0.0
51,132,1,12,6,10,0.0
51,132,1,13,6,10,0.0
51,132,1,14,6,10,0.0
51,132,2,10,6,10,0.0
51,132,2,11,6,10,0.0
51,132,2,12,6,10,1.0
51,132,2,13,6,10,0.0
51,132,2,14,6,10,0.0
52,133,1,10,6,0,0.0
52,133,1,11,6,0,0.0
52,133,1,12,6,0,0.0
52,133,1,13,6,0,0.0
52,133,1,14,6,0,0.0
52,133,2,10,6,0,0.0
52,133,2,11,6,0,0.0
52,133,2,12,6,0,1.0
52,133,2,13,6,0,0.0
52,133,2,14,6,0,0.0
53,134,1,10,6,23,0.0
53,134,1,11,6,23,0.0
53,134,1,12,6,23,0.0
53,134,1,13,6,23,0.0
53,134,1,14,6,23,0.0
53,134,2,10,6,23,0.0
53,134,2,11,6,23,0.0
53,134,2,12,6,23,1.0
53,134,2,13,6,23,0.0
53,134,2,14,6,23,0.0
54,135,1,10,6,25,0.0
54,135,1,11,6,25,0.0
54,135,1,12,6,25,0.0
54,135,1,13,6,25,0.0
54,135,1,14,6,25,0.0
54,135,2,10,6,25,0.0
54,135,2,11,6,25,0.0
54,135,2,12,6,25,1.0
54,135,2,13,6,25,0.0
54,135,2,14,6,25,0.0
55,136,1,10,6,17,0.0
55,136,1,11,6,17,0.0
55,136,1,12,6,17,0.0
55,136,1,13,6,17,0.0
55,136,1,14,6,17,0.0
55,136,2,10,6,17,0.0
55,136,2,11,6,17,0.0
55,136,2,12,6,17,1.0
55,136,2,13,6,17,0.0
55,136,2,14,6,17,0.0
56,137,1,10,6,20,0.0
56,137,1,11,6,20,0.0
56,137,1,12,6,20,0.0
56,137,1,13,6,20,0.0
56,137,1,14,6,20,0.0
56,137,2,10,6,20,0.0
56,137,2,11,6,20,0.0
56,137,2,12,6,20,1.0
56,137,2,13,6,20,0.0
56,137,2,14,6,20,0.0
57,138,1,10,6,17,0.0
57,138,1,11,6,17,0.0
57,138,1,12,6,17,0.0
57,138,1,13,6,17,0.0
57,138,1,14,6,17,0.0
57,138,2,10,6,17,0.0
57,138,2,11,6,17,0.0
57,138,2,12,6,17,1.0
57,138,2,13,6,17,0.0
57,138,2,14,6,17,0.0
58,139,1,10,6,20,0.0
58,139,1,11,6,20,0.0
58,139,1,12,6,20,0.0
58,139,1,13,6,20,0.0
58,139,1,14,6,20,0.0
58,139,2,10,6,20,0.0
58,139,2,11,6,20,0.0
58,139,2,12,6,20,1.0
58,139,2,13,6,20,0.0
58,139,2,14,6,20,0.0
59,140,1,10,6,8,0.0
59,140,1,11,6,8,0.0
59,140,1,12,6,8,0.0
59,140,1,13,6,8,1.0
59,140,1,14,6,8,0.0
59,140,2,10,6,8,0.0
59,140,2,11,6,8,0.0
59,140,2,12,6,8,0.0
59,140,2,13,6,8,0.0
59,140,2,14,6,8,0.0
60,141,1,10,6,14,0.0
60,141,1,11,6,14,0.0
60,141,1,12,6,14,0.0
60,141,1,13,6,14,1.0
60,141,1,14,6,14,0.0
60,141,2,10,6,14,0.0
60,141,2,11,6,14,0.0
60,141,2,12,6,14,0.0
60,141,2,13,6,14,0.0
60,141,2,14,6,14,0.0
61,142,1,10,6,17,0.0
61,142,1,11,6,17,0.0
61,142,1,12,6,17,0.0
61,142,1,13,6,17,1.0
61,142,1,14,6,17,0.0
61,142,2,10,6,17,0.0
61,142,2,11,6,17,0.0
61,142,2,12,6,17,0.0
61,142,2,13,6,17,0.0
61,142,2,14,6,17,0.0
62,143,1,10,6,9,0.0
62,143,1,11,6,9,0.0
62,143,1,12,6,9,0.0
62,143,1,13,6,9,1.0
62,143,1,14,6,9,0.0
62,143,2,10,6,9,0.0
62,143,2,11,6,9,0.0
62,143,2,12,6,9,0.0
62,143,2,13,6,9,0.0
62,143,2,14,6,9,0.0
63,144,1,10,6,13,0.0
63,144,1,11,6,13,0.0
63,144,1,12,6,13,0.0
63,144,1,13,6,13,1.0
63,144,1,14,6,13,0.0
63,144,2,10,6,13,0.0
63,144,2,11,6,13,0.0
63,144,2,12,6,13,0.0
63,144,2,13,6,13,0.0
63,144,2,14,6,13,0.0
64,145,1,10,6,17,0.0
64,145,1,11,6,17,0.0
64,145,1,12,6,17,0.0
64,145,1,13,6,17,1.0
64,145,1,14,6,17,0.0
64,145,2,10,6,17,0.0
64,145,2,11,6,17,0.0
64,145,2,12,6,17,0.0
64,145,2,13,6,17,0.0
64,145,2,14,6,17,0.0
65,146,1,10,7,6,0.0
65,146,1,11,7,6,0.0
65,146,1,12,7,6,0.0
65,146,1,13,7,6,1.0
65,146,1,14,7,6,0.0
65,146,2,10,7,6,0.0
65,146,2,11,7,6,0.0
65,146,2,12,7,6,0.0
65,146,2,13,7,6,0.0
65,146,2,14,7,6,0.0
66,147,1,10,7,21,0.0
66,147,1,11,7,21,0.0
66,147,1,12,7,21,0.0
66,147,1,13,7,21,1.0
66,147,1,14,7,21,0.0
66,147,2,10,7,21,0.0
66,147,2,11,7,21,0.0
66,147,2,12,7,21,0.0
66,147,2,13,7,21,0.0
66,147,2,14,7,21,0.0
67,148,1,10,7,7,0.0
67,148,1,11,7,7,0.0
67,148,1,12,7,7,0.0
67,148,1,13,7,7,1.0
67,148,1,14,7,7,0.0
67,148,2,10,7,7,0.0
67,148,2,11,7,7,0.0
67,148,2,12,7,7,0.0
67,148,2,13,7,7,0.0
67,148,2,14,7,7,0.0
68,149,1,10,7,18,0.0
68,149,1,11,7,18,0.0
68,149,1,12,7,18,0.0
68,149,1,13,7,18,1.0
68,149,1,14,7,18,0.0
68,149,2,10,7,18,0.0
68,149,2,11,7,18,0.0
68,149,2,12,7,18,0.0
68,149,2,13,7,18,0.0
68,149,2,14,7,18,0.0
69,150,1,10,7,14,0.0
69,150,1,11,7,14,0.0
69,150,1,12,7,14,0.0
69,150,1,13,7,14,0.0
69,150,1,14,7,14,0.0
69,150,2,10,7,14,0.0
69,150,2,11,7,14,0.0
69,150,2,12,7,14,0.0
69,150,2,13,7,14,1.0
69,150,2,14,7,14,0.0
70,151,1,10,7,13,0.0
70,151,1,11,7,13,0.0
70,151,1,12,7,13,0.0
70,151,1,13,7,13,0.0
70,151,1,14,7,13,0.0
70,151,2,10,7,13,0.0
70,151,2,11,7,13,0.0
70,151,2,12,7,13,0.0
70,151,2,13,7,13,1.0
70,151,2,14,7,13,0.0
71,152,1,10,7,7,0.0
71,152,1,11,7,7,0.0
71,152,1,12,7,7,0.0
71,152,1,13,7,7,0.0
71,152,1,14,7,7,0.0
71,152,2,10,7,7,0.0
71,152,2,11,7,7,0.0
71,152,2,12,7,7,0.0
71,152,2,13,7,7,1.0
71,152,2,14,7,7,0.0
72,153,1,10,7,22,0.0
72,153,1,11,7,22,0.0
72,153,1,12,7,22,0.0
72,153,1,13,7,22,0.0
72,153,1,14,7,22,0.0
72,153,2,10,7,22,0.0
72,153,2,11,7,22,0.0
72,153,2,12,7,22,0.0
72,153,2,13,7,22,1.0
72,153,2,14,7,22,0.0
73,154,1,10,7,21,0.0
73,154,1,11,7,21,0.0
73,154,1,12,7,21,0.0
73,154,1,13,7,21,0.0
73,154,1,14,7,21,0.0
73,154,2,10,7,21,0.0
73,154,2,11,7,21,0.0
73,154,2,12,7,21,0.0
73,154,2,13,7,21,1.0
73,154,2,14,7,21,0.0
74,155,1,10,7,23,0.0
74,155,1,11,7,23,0.0
74,155,1,12,7,23,0.0
74,155,1,13,7,23,0.0
74,155,1,14,7,23,0.0
74,155,2,10,7,23,0.0
74,155,2,11,7,23,0.0
74,155,2,12,7,23,0.0
74,155,2,13,7,23,1.0
74,155,2,14,7,23,0.0
75,156,1,10,7,16,0.0
75,156,1,11,7,16,0.0
75,156,1,12,7,16,0.0
75,156,1,13,7,16,0.0
75,156,1,14,7,16,0.0
75,156,2,10,7,16,0.0
75,156,2,11,7,16,0.0
75,156,2,12,7,16,0.0
75,156,2,13,7,16,1.0
75,156,2,14,7,16,0.0
76,157,1,10,7,14,0.0
76,157,1,11,7,14,0.0
76,157,1,12,7,14,0.0
76,157,1,13,7,14,0.0
76,157,1,14,7,14,0.0
76,157,2,10,7,14,0.0
76,157,2,11,7,14,0.0
76,157,2,12,7,14,0.0
76,157,2,13,7,14,1.0
76,157,2,14,7,14,0.0
77,158,1,10,7,10,0.0
77,158,1,11,7,10,0.0
77,158,1,12,7,10,0.0
77,158,1,13,7,10,0.0
77,158,1,14,7,10,0.0
77,158,2,10,7,10,0.0
77,158,2,11,7,10,0.0
77,158,2,12,7,10,0.0
77,158,2,13,7,10,1.0
77,158,2,14,7,10,0.0
78,159,1,10,7,23,0.0
78,159,1,11,7,23,0.0
78,159,1,12,7,23,0.0
78,159,1,13,7,23,0.0
78,159,1,14,7,23,0.0
78,159,2,10,7,23,0.0
78,159,2,11,7,23,0.0
78,159,2,12,7,23,0.0
78,159,2,13,7,23,1.0
78,159,2,14,7,23,0.0
79,160,1,10,7,16,0.0
79,160,1,11,7,16,0.0
79,160,1,12,7,16,0.0
79,160,1,13,7,16,0.0
79,160,1,14,7,16,1.0
79,160,2,10,7,16,0.0
79,160,2,11,7,16,0.0
79,160,2,12,7,16,0.0
79,160,2,13,7,16,0.0
79,160,2,14,7,16,0.0
0,161,1,15,7,16,1.0
0,161,1,16,7,16,0.0
0,161,1,17,7,16,0.0
0,161,1,18,7,16,0.0
0,161,1,19,7,16,0.0
0,161,2,15,7,16,0.0
0,161,2,16,7,16,0.0
0,161,2,17,7,16,0.0
0,161,2,18,7,16,0.0
0,161,2,19,7,16,0.0
1,162,1,15,7,18,1.0
1,162,1,16,7,18,0.0
1,162,1,17,7,18,0.0
1,162,1,18,7,18,0.0
1,162,1,19,7,18,0.0
1,162,2,15,7,18,0.0
1,162,2,16,7,18,0.0
1,162,2,17,7,18,0.0
1,162,2,18,7,18,0.0
1,162,2,19,7,18,0.0
2,163,1,15,7,17,1.0
2,163,1,16,7,17,0.0
2,163,1,17,7,17,0.0
2,163,1,18,7,17,0.0
2,163,1,19,7,17,0.0
2,163,2,15,7,17,0.0
2,163,2,16,7,17,0.0
2,163,2,17,7,17,0.0
2,163,2,18,7,17,0.0
2,163,2,19,7,17,0.0
3,164,1,15,7,20,1.0
3,164,1,16,7,20,0.0
3,164,1,17,7,20,0.0
3,164,1,18,7,20,0.0
3,164,1,19,7,20,0.0
3,164,2,15,7,20,0.0
3,164,2,16,7,20,0.0
3,164,2,17,7,20,0.0
3,164,2,18,7,20,0.0
3,164,2,19,7,20,0.0
4,165,1,15,7,3,1.0
4,165,1,16,7,3,0.0
4,165,1,17,7,3,0.0
4,165,1,18,7,3,0.0
4,165,1,19,7,3,0.0
4,165,2,15,7,3,0.0
4,165,2,16,7,3,0.0
4,165,2,17,7,3,0.0
4,165,2,18,7,3,0.0
4,165,2,19,7,3,0.0
5,166,1,15,8,22,1.0
5,166,1,16,8,22,0.0
5,166,1,17,8,22,0.0
5,166,1,18,8,22,0.0
5,166,1,19,8,22,0.0
5,166,2,15,8,22,0.0
5,166,2,16,8,22,0.0
5,166,2,17,8,22,0.0
5,166,2,18,8,22,0.0
5,166,2,19,8,22,0.0
6,167,1,15,8,6,1.0
6,167,1,16,8,6,0.0
6,167,1,17,8,6,0.0
6,167,1,18,8,6,0.0
6,167,1,19,8,6,0.0
6,167,2,15,8,6,0.0
6,167,2,16,8,6,0.0
6,167,2,17,8,6,0.0
6,167,2,18,8,6,0.0
6,167,2,19,8,6,0.0
7,168,1,15,8,10,1.0
7,168,1,16,8,10,0.0
7,168,1,17,8,10,0.0
7,168,1,18,8,10,0.0
7,168,1,19,8,10,0.0
7,168,2,15,8,10,0.0
7,168,2,16,8,10,0.0
7,168,2,17,8,10,0.0
7,168,2,18,8,10,0.0
7,168,2,19,8,10,0.0
8,169,1,15,8,9,1.0
8,169,1,16,8,9,0.0
8,169,1,17,8,9,0.0
8,169,1,18,8,9,0.0
8,169,1,19,8,9,0.0
8,169,2,15,8,9,0.0
8,169,2,16,8,9,0.0
8,169,2,17,8,9,0.0
8,169,2,18,8,9,0.0
8,169,2,19,8,9,0.0
9,170,1,15,8,20,1.0
9,170,1,16,8,20,0.0
9,170,1,17,8,20,0.0
9,170,1,18,8,20,0.0
9,170,1,19,8,20,0.0
9,170,2,15,8,20,0.0
9,170,2,16,8,20,0.0
9,170,2,17,8,20,0.0
9,170,2,18,8,20,0.0
9,170,2,19,8,20,0.0
10,171,1,15,8,11,1.0
10,171,1,16,8,11,0.0
10,171,1,17,8,11,0.0
10,171,1,18,8,11,0.0
10,171,1,19,8,11,0.0
10,171,2,15,8,11,0.0
10,171,2,16,8,11,0.0
10,171,2,17,8,11,0.0
10,171,2,18,8,11,0.0
10,171,2,19,8,11,0.0
11,172,1,15,8,18,0.0
11,172,1,16,8,18,0.0
11,172,1,17,8,18,0.0
11,172,1,18,8,18,0.0
11,172,1,19,8,18,0.0
11,172,2,15,8,18,1.0
11,172,2,16,8,18,0.0
11,172,2,17,8,18,0.0
11,172,2,18,8,18,0.0
11,172,2,19,8,18,0.0
12,173,1,15,8,11,0.0
12,173,1,16,8,11,0.0
12,173,1,17,8,11,0.0
12,173,1,18,8,11,0.0
12,173,1,19,8,11,0.0
12,173,2,15,8,11,1.0
12,173,2,16,8,11,0.0
12,173,2,17,8,11,0.0
12,173,2,18,8,11,0.0
12,173,2,19,8,11,0.0
13,174,1,15,8,18,0.0
13,174,1,16,8,18,0.0
13,174,1,17,8,18,0.0
13,174,1,18,8,18,0.0
13,174,1,19,8,18,0.0
13,174,2,15,8,18,1.0
13,174,2,16,8,18,0.0
13,174,2,17,8,18,0.0
13,174,2,18,8,18,0.0
13,174,2,19,8,18,0.0
14,175,1,15,8,11,0.0
14,175,1,16,8,11,0.0
14,175,1,17,8,11,0.0
14,175,1,18,8,11,0.0
14,175,1,19,8,11,0.0
14,175,2,15,8,11,1.0
14,175,2,16,8,11,0.0
14,175,2,17,8,11,0.0
14,175,2,18,8,11,0.0
14,175,2,19,8,11,0.0
15,176,1,15,8,8,0.0
15,176,1,16,8,8,0.0
15,176,1,17,8,8,0.0
15,176,1,18,8,8,0.0
15,176,1,19,8,8,0.0
15,176,2,15,8,8,1.0
15,176,2,16,8,8,0.0
15,176,2,17,8,8,0.0
15,176,2,18,8,8,0.0
15,176,2,19,8,8,0.0
16,177,1,15,8,14,0.0
16,177,1,16,8,14,0.0
16,177,1,17,8,14,0.0
16,177,1,18,8,14,0.0
16,177,1,19,8,14,0.0
16,177,2,15,8,14,1.0
16,177,2,16,8,14,0.0
16,177,2,17,8,14,0.0
16,177,2,18,8,14,0.0
16,177,2,19,8,14,0.0
17,178,1,15,8,12,0.0
17,178,1,16,8,12,0.0
17,178,1,17,8,12,0.0
17,178,1,18,8,12,0.0
17,178,1,19,8,12,0.0
17,178,2,15,8,12,1.0
17,178,2,16,8,12,0.0
17,178,2,17,8,12,0.0
17,178,2,18,8,12,0.0
17,178,2,19,8,12,0.0
18,179,1,15,8,19,0.0
18,179,1,16,8,19,0.0
18,179,1,17,8,19,0.0
18,179,1,18,8,19,0.0
18,179,1,19,8,19,0.0
18,179,2,15,8,19,1.0
18,179,2,16,8,19,0.0
18,179,2,17,8,19,0.0
18,179,2,18,8,19,0.0
18,179,2,19,8,19,0.0
19,180,1,15,8,17,0.0
19,180,1,16,8,17,0.0
19,180,1,17,8,17,0.0
19,180,1,18,8,17,0.0
19,180,1,19,8,17,0.0
19,180,2,15,8,17,1.0
19,180,2,16,8,17,0.0
19,180,2,17,8,17,0.0
19,180,2,18,8,17,0.0
19,180,2,19,8,17,0.0
20,181,1,15,8,21,0.0
20,181,1,16,8,21,1.0
20,181,1,17,8,21,0.0
20,181,1,18,8,21,0.0
20,181,1,19,8,21,0.0
20,181,2,15,8,21,0.0
20,181,2,16,8,21,0.0
20,181,2,17,8,21,0.0
20,181,2,18,8,21,0.0
20,181,2,19,8,21,0.0
21,182,1,15,8,18,0.0
21,182,1,16,8,18,1.0
21,182,1,17,8,18,0.0
21,182,1,18,8,18,0.0
21,182,1,19,8,18,0.0
21,182,2,15,8,18,0.0
21,182,2,16,8,18,0.0
21,182,2,17,8,18,0.0
21,182,2,18,8,18,0.0
21,182,2,19,8,18,0.0
22,183,1,15,8,9,0.0
22,183,1,16,8,9,1.0
22,183,1,17,8,9,0.0
22,183,1,18,8,9,0.0
22,183,1,19,8,9,0.0
22,183,2,15,8,9,0.0
22,183,2,16,8,9,0.0
22,183,2,17,8,9,0.0
22,183,2,18,8,9,0.0
22,183,2,19,8,9,0.0
23,184,1,15,8,11,0.0
23,184,1,16,8,11,1.0
23,184,1,17,8,11,0.0
23,184,1,18,8,11,0.0
23,184,1,19,8,11,0.0
23,184,2,15,8,11,0.0
23,184,2,16,8,11,0.0
23,184,2,17,8,11,0.0
23,184,2,18,8,11,0.0
23,184,2,19,8,11,0.0
24,185,1,15,8,15,0.0
24,185,1,16,8,15,0.0
24,185,1,17,8,15,0.0
24,185,1,18,8,15,0.0
24,185,1,19,8,15,0.0
24,185,2,15,8,15,1.0
24,185,2,16,8,15,0.0
24,185,2,17,8,15,0.0
24,185,2,18,8,15,0.0
24,185,2,19,8,15,0.0
25,186,1,15,8,8,0.0
25,186,1,16,8,8,1.0
25,186,1,17,8,8,0.0
25,186,1,18,8,8,0.0
25,186,1,19,8,8,0.0
25,186,2,15,8,8,0.0
25,186,2,16,8,8,0.0
25,186,2,17,8,8,0.0
25,186,2,18,8,8,0.0
25,186,2,19,8,8,0.0
26,187,1,15,8,23,0.0
26,187,1,16,8,23,1.0
26,187,1,17,8,23,0.0
26,187,1,18,8,23,0.0
26,187,1,19,8,23,0.0
26,187,2,15,8,23,0.0
26,187,2,16,8,23,0.0
26,187,2,17,8,23,0.0
26,187,2,18,8,23,0.0
26,187,2,19,8,23,0.0
27,188,1,15,8,25,0.0
27,188,1,16,8,25,1.0
27,188,1,17,8,25,0.0
27,188,1,18,8,25,0.0
27,188,1,19,8,25,0.0
27,188,2,15,8,25,0.0
27,188,2,16,8,25,0.0
27,188,2,17,8,25,0.0
27,188,2,18,8,25,0.0
27,188,2,19,8,25,0.0
28,189,1,15,8,18,0.0
28,189,1,16,8,18,1.0
28,189,1,17,8,18,0.0
28,189,1,18,8,18,0.0
28,189,1,19,8,18,0.0
28,189,2,15,8,18,0.0
28,189,2,16,8,18,0.0
28,189,2,17,8,18,0.0
28,189,2,18,8,18,0.0
28,189,2,19,8,18,0.0
29,190,1,15,8,13,0.0
29,190,1,16,8,13,0.0
29,190,1,17,8,13,0.0
29,190,1,18,8,13,0.0
29,190,1,19,8,13,0.0
29,190,2,15,8,13,0.0
29,190,2,16,8,13,1.0
29,190,2,17,8,13,0.0
29,190,2,18,8,13,0.0
29,190,2,19,8,13,0.0
30,191,1,15,8,18,0.0
30,191,1,16,8,18,0.0
30,191,1,17,8,18,0.0
30,191,1,18,8,18,0.0
30,191,1,19,8,18,0.0
30,191,2,15,8,18,0.0
30,191,2,16,8,18,1.0
30,191,2,17,8,18,0.0
30,191,2,18,8,18,0.0
30,191,2,19,8,18,0.0
31,192,1,15,8,8,0.0
31,192,1,16,8,8,0.0
31,192,1,17,8,8,0.0
31,192,1,18,8,8,0.0
31,192,1,19,8,8,0.0
31,192,2,15,8,8,0.0
31,192,2,16,8,8,1.0
31,192,2,17,8,8,0.0
31,192,2,18,8,8,0.0
31,192,2,19,8,8,0.0
32,193,1,15,8,18,0.0
32,193,1,16,8,18,0.0
32,193,1,17,8,18,0.0
32,193,1,18,8,18,0.0
32,193,1,19,8,18,0.0
32,193,2,15,8,18,0.0
32,193,2,16,8,18,1.0
32,193,2,17,8,18,0.0
32,193,2,18,8,18,0.0
32,193,2,19,8,18,0.0
33,194,1,15,9,11,0.0
33,194,1,16,9,11,0.0
33,194,1,17,9,11,0.0
33,194,1,18,9,11,0.0
33,194,1,19,9,11,0.0
33,194,2,15,9,11,0.0
33,194,2,16,9,11,1.0
33,194,2,17,9,11,0.0
33,194,2,18,9,11,0.0
33,194,2,19,9,11,0.0
34,195,1,15,9,20,0.0
34,195,1,16,9,20,0.0
34,195,1,17,9,20,0.0
34,195,1,18,9,20,0.0
34,195,1,19,9,20,0.0
34,195,2,15,9,20,0.0
34,195,2,16,9,20,1.0
34,195,2,17,9,20,0.0
34,195,2,18,9,20,0.0
34,195,2,19,9,20,0.0
35,196,1,15,9,16,0.0
35,196,1,16,9,16,0.0
35,196,1,17,9,16,0.0
35,196,1,18,9,16,0.0
35,196,1,19,9,16,0.0
35,196,2,15,9,16,0.0
35,196,2,16,9,16,1.0
35,196,2,17,9,16,0.0
35,196,2,18,9,16,0.0
35,196,2,19,9,16,0.0
36,197,1,15,9,11,0.0
36,197,1,16,9,11,0.0
36,197,1,17,9,11,0.0
36,197,1,18,9,11,0.0
36,197,1,19,9,11,0.0
36,197,2,15,9,11,0.0
36,197,2,16,9,11,1.0
36,197,2,17,9,11,0.0
36,197,2,18,9,11,0.0
36,197,2,19,9,11,0.0
37,198,1,15,9,16,0.0
37,198,1,16,9,16,0.0
37,198,1,17,9,16,1.0
37,198,1,18,9,16,0.0
37,198,1,19,9,16,0.0
37,198,2,15,9,16,0.0
37,198,2,16,9,16,0.0
37,198,2,17,9,16,0.0
37,198,2,18,9,16,0.0
37,198,2,19,9,16,0.0
38,199,1,15,9,9,0.0
38,199,1,16,9,9,0.0
38,199,1,17,9,9,0.0
38,199,1,18,9,9,0.0
38,199,1,19,9,9,0.0
38,199,2,15,9,9,0.0
38,199,2,16,9,9,1.0
38,199,2,17,9,9,0.0
38,199,2,18,9,9,0.0
38,199,2,19,9,9,0.0
39,200,1,15,9,6,0.0
39,200,1,16,9,6,0.0
39,200,1,17,9,6,1.0
39,200,1,18,9,6,0.0
39,200,1,19,9,6,0.0
39,200,2,15,9,6,0.0
39,200,2,16,9,6,0.0
39,200,2,17,9,6,0.0
39,200,2,18,9,6,0.0
39,200,2,19,9,6,0.0
40,201,1,15,9,19,0.0
40,201,1,16,9,19,0.0
40,201,1,17,9,19,1.0
40,201,1,18,9,19,0.0
40,201,1,19,9,19,0.0
40,201,2,15,9,19,0.0
40,201,2,16,9,19,0.0
40,201,2,17,9,19,0.0
40,201,2,18,9,19,0.0
40,201,2,19,9,19,0.0
41,202,1,15,9,17,0.0
41,202,1,16,9,17,0.0
41,202,1,17,9,17,1.0
41,202,1,18,9,17,0.0
41,202,1,19,9,17,0.0
41,202,2,15,9,17,0.0
41,202,2,16,9,17,0.0
41,202,2,17,9,17,0.0
41,202,2,18,9,17,0.0
41,202,2,19,9,17,0.0
42,203,1,15,9,12,0.0
42,203,1,16,9,12,0.0
42,203,1,17,9,12,1.0
42,203,1,18,9,12,0.0
42,203,1,19,9,12,0.0
42,203,2,15,9,12,0.0
42,203,2,16,9,12,0.0
42,203,2,17,9,12,0.0
42,203,2,18,9,12,0.0
42,203,2,19,9,12,0.0
43,204,1,15,9,15,0.0
43,204,1,16,9,15,0.0
43,204,1,17,9,15,1.0
43,204,1,18,9,15,0.0
43,204,1,19,9,15,0.0
43,204,2,15,9,15,0.0
43,204,2,16,9,15,0.0
43,204,2,17,9,15,0.0
43,204,2,18,9,15,0.0
43,204,2,19,9,15,0.0
44,205,1,15,9,18,0.0
44,205,1,16,9,18,0.0
44,205,1,17,9,18,1.0
44,205,1,18,9,18,0.0
44,205,1,19,9,18,0.0
44,205,2,15,9,18,0.0
44,205,2,16,9,18,0.0
44,205,2,17,9,18,0.0
44,205,2,18,9,18,0.0
44,205,2,19,9,18,0.0
45,206,1,15,9,16,0.0
45,206,1,16,9,16,0.0
45,206,1,17,9,16,1.0
45,206,1,18,9,16,0.0
45,206,1,19,9,16,0.0
45,206,2,15,9,16,0.0
45,206,2,16,9,16,0.0
45,206,2,17,9,16,0.0
45,206,2,18,9,16,0.0
45,206,2,19,9,16,0.0
46,207,1,15,9,11,0.0
46,207,1,16,9,11,0.0
46,207,1,17,9,11,0.0
46,207,1,18,9,11,0.0
46,207,1,19,9,11,0.0
46,207,2,15,9,11,0.0
46,207,2,16,9,11,0.0
46,207,2,17,9,11,1.0
46,207,2,18,9,11,0.0
46,207,2,19,9,11,0.0
47,208,1,15,9,27,0.0
47,208,1,16,9,27,0.0
47,208,1,17,9,27,0.0
47,208,1,18,9,27,0.0
47,208,1,19,9,27,0.0
47,208,2,15,9,27,0.0
47,208,2,16,9,27,0.0
47,208,2,17,9,27,1.0
47,208,2,18,9,27,0.0
47,208,2,19,9,27,0.0
48,209,1,15,9,12,0.0
48,209,1,16,9,12,0.0
48,209,1,17,9,12,0.0
48,209,1,18,9,12,0.0
48,209,1,19,9,12,0.0
48,209,2,15,9,12,0.0
48,209,2,16,9,12,0.0
48,209,2,17,9,12,1.0
48,209,2,18,9,12,0.0
48,209,2,19,9,12,0.0
49,210,1,15,9,19,0.0
49,210,1,16,9,19,0.0
49,210,1,17,9,19,0.0
49,210,1,18,9,19,0.0
49,210,1,19,9,19,0.0
49,210,2,15,9,19,0.0
49,210,2,16,9,19,0.0
49,210,2,17,9,19,1.0
49,210,2,18,9,19,0.0
49,210,2,19,9,19,0.0
50,211,1,15,9,22,0.0
50,211,1,16,9,22,0.0
50,211,1,17,9,22,0.0
50,211,1,18,9,22,0.0
50,211,1,19,9,22,0.0
50,211,2,15,9,22,0.0
50,211,2,16,9,22,0.0
50,211,2,17,9,22,1.0
50,211,2,18,9,22,0.0
50,211,2,19,9,22,0.0
51,212,1,15,9,4,0.0
51,212,1,16,9,4,0.0
51,212,1,17,9,4,0.0
51,212,1,18,9,4,0.0
51,212,1,19,9,4,0.0
51,212,2,15,9,4,0.0
51,212,2,16,9,4,0.0
51,212,2,17,9,4,1.0
51,212,2,18,9,4,0.0
51,212,2,19,9,4,0.0
52,213,1,15,9,16,0.0
52,213,1,16,9,16,0.0
52,213,1,17,9,16,0.0
52,213,1,18,9,16,0.0
52,213,1,19,9,16,0.0
52,213,2,15,9,16,0.0
52,213,2,16,9,16,0.0
52,213,2,17,9,16,1.0
52,213,2,18,9,16,0.0
52,213,2,19,9,16,0.0
53,214,1,15,9,9,0.0
53,214,1,16,9,9,0.0
53,214,1,17,9,9,0.0
53,214,1,18,9,9,0.0
53,214,1,19,9,9,0.0
53,214,2,15,9,9,0.0
53,214,2,16,9,9,0.0
53,214,2,17,9,9,1.0
53,214,2,18,9,9,0.0
53,214,2,19,9,9,0.0
54,215,1,15,10,25,0.0
54,215,1,16,10,25,0.0
54,215,1,17,10,25,0.0
54,215,1,18,10,25,1.0
54,215,1,19,10,25,0.0
54,215,2,15,10,25,0.0
54,215,2,16,10,25,0.0
54,215,2,17,10,25,0.0
54,215,2,18,10,25,0.0
54,215,2,19,10,25,0.0
55,216,1,15,10,16,0.0
55,216,1,16,10,16,0.0
55,216,1,17,10,16,0.0
55,216,1,18,10,16,1.0
55,216,1,19,10,16,0.0
55,216,2,15,10,16,0.0
55,216,2,16,10,16,0.0
55,216,2,17,10,16,0.0
55,216,2,18,10,16,0.0
55,216,2,19,10,16,0.0
56,217,1,15,10,24,0.0
56,217,1,16,10,24,0.0
56,217,1,17,10,24,0.0
56,217,1,18,10,24,1.0
56,217,1,19,10,24,0.0
56,217,2,15,10,24,0.0
56,217,2,16,10,24,0.0
56,217,2,17,10,24,0.0
56,217,2,18,10,24,0.0
56,217,2,19,10,24,0.0
57,218,1,15,10,10,0.0
57,218,1,16,10,10,0.0
57,218,1,17,10,10,0.0
57,218,1,18,10,10,1.0
57,218,1,19,10,10,0.0
57,218,2,15,10,10,0.0
57,218,2,16,10,10,0.0
57,218,2,17,10,10,0.0
57,218,2,18,10,10,0.0
57,218,2,19,10,10,0.0
58,219,1,15,10,21,0.0
58,219,1,16,10,21,0.0
58,219,1,17,10,21,0.0
58,219,1,18,10,21,1.0
58,219,1,19,10,21,0.0
58,219,2,15,10,21,0.0
58,219,2,16,10,21,0.0
58,219,2,17,10,21,0.0
58,219,2,18,10,21,0.0
58,219,2,19,10,21,0.0
59,220,1,15,10,17,0.0
59,220,1,16,10,17,0.0
59,220,1,17,10,17,0.0
59,220,1,18,10,17,1.0
59,220,1,19,10,17,0.0
59,220,2,15,10,17,0.0
59,220,2,16,10,17,0.0
59,220,2,17,10,17,0.0
59,220,2,18,10,17,0.0
59,220,2,19,10,17,0.0
60,221,1,15,10,13,0.0
60,221,1,16,10,13,0.0
60,221,1,17,10,13,0.0
60,221,1,18,10,13,1.0
60,221,1,19,10,13,0.0
60,221,2,15,10,13,0.0
60,221,2,16,10,13,0.0
60,221,2,17,10,13,0.0
60,221,2,18,10,13,0.0
60,221,2,19,10,13,0.0
61,222,1,15,10,15,0.0
61,222,1,16,10,15,0.0
61,222,1,17,10,15,0.0
61,222,1,18,10,15,1.0
61,222,1,19,10,15,0.0
61,222,2,15,10,15,0.0
61,222,2,16,10,15,0.0
61,222,2,17,10,15,0.0
61,222,2,18,10,15,0.0
61,222,2,19,10,15,0.0
62,223,1,15,10,19,0.0
62,223,1,16,10,19,0.0
62,223,1,17,10,19,0.0
62,223,1,18,10,19,1.0
62,223,1,19,10,19,0.0
62,223,2,15,10,19,0.0
62,223,2,16,10,19,0.0
62,223,2,17,10,19,0.0
62,223,2,18,10,19,0.0
62,223,2,19,10,19,0.0
63,224,1,15,10,12,0.0
63,224,1,16,10,12,0.0
63,224,1,17,10,12,0.0
63,224,1,18,10,12,0.0
63,224,1,19,10,12,0.0
63,224,2,15,10,12,0.0
63,224,2,16,10,12,0.0
63,224,2,17,10,12,0.0
63,224,2,18,10,12,1.0
63,224,2,19,10,12,0.0
64,225,1,15,10,17,0.0
64,225,1,16,10,17,0.0
64,225,1,17,10,17,0.0
64,225,1,18,10,17,0.0
64,225,1,19,10,17,0.0
64,225,2,15,10,17,0.0
64,225,2,16,10,17,0.0
64,225,2,17,10,17,0.0
64,225,2,18,10,17,1.0
64,225,2,19,10,17,0.0
65,226,1,15,10,10,0.0
65,226,1,16,10,10,0.0
65,226,1,17,10,10,0.0
65,226,1,18,10,10,0.0
65,226,1,19,10,10,0.0
65,226,2,15,10,10,0.0
65,226,2,16,10,10,0.0
65,226,2,17,10,10,0.0
65,226,2,18,10,10,1.0
65,226,2,19,10,10,0.0
66,227,1,15,10,15,0.0
66,227,1,16,10,15,0.0
66,227,1,17,10,15,0.0
66,227,1,18,10,15,0.0
66,227,1,19,10,15,0.0
66,227,2,15,10,15,0.0
66,227,2,16,10,15,0.0
66,227,2,17,10,15,0.0
66,227,2,18,10,15,1.0
66,227,2,19,10,15,0.0
67,228,1,15,10,25,0.0
67,228,1,16,10,25,1.0
67,228,1,17,10,25,0.0
67,228,1,18,10,25,0.0
67,228,1,19,10,25,0.0
67,228,2,15,10,25,0.0
67,228,2,16,10,25,0.0
67,228,2,17,10,25,0.0
67,228,2,18,10,25,0.0
67,228,2,19,10,25,0.0
68,229,1,15,10,20,0.0
68,229,1,16,10,20,0.0
68,229,1,17,10,20,0.0
68,229,1,18,10,20,0.0
68,229,1,19,10,20,0.0
68,229,2,15,10,20,0.0
68,229,2,16,10,20,0.0
68,229,2,17,10,20,0.0
68,229,2,18,10,20,1.0
68,229,2,19,10,20,0.0
69,230,1,15,10,15,0.0
69,230,1,16,10,15,0.0
69,230,1,17,10,15,0.0
69,230,1,18,10,15,0.0
69,230,1,19,10,15,0.0
69,230,2,15,10,15,0.0
69,230,2,16,10,15,0.0
69,230,2,17,10,15,0.0
69,230,2,18,10,15,1.0
69,230,2,19,10,15,0.0
70,231,1,15,10,18,0.0
70,231,1,16,10,18,0.0
70,231,1,17,10,18,0.0
70,231,1,18,10,18,0.0
70,231,1,19,10,18,0.0
70,231,2,15,10,18,0.0
70,231,2,16,10,18,0.0
70,231,2,17,10,18,0.0
70,231,2,18,10,18,1.0
70,231,2,19,10,18,0.0
71,232,1,15,10,25,0.0
71,232,1,16,10,25,0.0
71,232,1,17,10,25,0.0
71,232,1,18,10,25,0.0
71,232,1,19,10,25,0.0
71,232,2,15,10,25,0.0
71,232,2,16,10,25,0.0
71,232,2,17,10,25,0.0
71,232,2,18,10,25,1.0
71,232,2,19,10,25,0.0
72,233,1,15,10,21,0.0
72,233,1,16,10,21,0.0
72,233,1,17,10,21,0.0
72,233,1,18,10,21,0.0
72,233,1,19,10,21,0.0
72,233,2,15,10,21,0.0
72,233,2,16,10,21,0.0
72,233,2,17,10,21,0.0
72,233,2,18,10,21,1.0
72,233,2,19,10,21,0.0
73,234,1,15,10,23,0.0
73,234,1,16,10,23,0.0
73,234,1,17,10,23,0.0
73,234,1,18,10,23,0.0
73,234,1,19,10,23,1.0
73,234,2,15,10,23,0.0
73,234,2,16,10,23,0.0
73,234,2,17,10,23,0.0
73,234,2,18,10,23,0.0
73,234,2,19,10,23,0.0
74,235,1,15,10,16,0.0
74,235,1,16,10,16,0.0
74,235,1,17,10,16,0.0
74,235,1,18,10,16,0.0
74,235,1,19,10,16,1.0
74,235,2,15,10,16,0.0
74,235,2,16,10,16,0.0
74,235,2,17,10,16,0.0
74,235,2,18,10,16,0.0
74,235,2,19,10,16,0.0
75,236,1,15,10,11,0.0
75,236,1,16,10,11,0.0
75,236,1,17,10,11,0.0
75,236,1,18,10,11,0.0
75,236,1,19,10,11,1.0
75,236,2,15,10,11,0.0
75,236,2,16,10,11,0.0
75,236,2,17,10,11,0.0
75,236,2,18,10,11,0.0
75,236,2,19,10,11,0.0
76,237,1,15,10,10,0.0
76,237,1,16,10,10,0.0
76,237,1,17,10,10,0.0
76,237,1,18,10,10,0.0
76,237,1,19,10,10,1.0
76,237,2,15,10,10,0.0
76,237,2,16,10,10,0.0
76,237,2,17,10,10,0.0
76,237,2,18,10,10,0.0
76,237,2,19,10,10,0.0
77,238,1,15,10,13,0.0
77,238,1,16,10,13,0.0
77,238,1,17,10,13,0.0
77,238,1,18,10,13,1.0
77,238,1,19,10,13,0.0
77,238,2,15,10,13,0.0
77,238,2,16,10,13,0.0
77,238,2,17,10,13,0.0
77,238,2,18,10,13,0.0
77,238,2,19,10,13,0.0
78,239,1,15,10,14,0.0
78,239,1,16,10,14,0.0
78,239,1,17,10,14,0.0
78,239,1,18,10,14,0.0
78,239,1,19,10,14,1.0
78,239,2,15,10,14,0.0
78,239,2,16,10,14,0.0
78,239,2,17,10,14,0.0
78,239,2,18,10,14,0.0
78,239,2,19,10,14,0.0
79,240,1,15,10,7,0.0
79,240,1,16,10,7,0.0
79,240,1,17,10,7,0.0
79,240,1,18,10,7,0.0
79,240,1,19,10,7,1.0
79,240,2,15,10,7,0.0
79,240,2,16,10,7,0.0
79,240,2,17,10,7,0.0
79,240,2,18,10,7,0.0
79,240,2,19,10,7,0.0
0,241,1,20,11,8,1.0
0,241,1,21,11,8,0.0
0,241,1,22,11,8,0.0
0,241,1,23,11,8,0.0
0,241,1,24,11,8,0.0
0,241,2,20,11,8,0.0
0,241,2,21,11,8,0.0
0,241,2,22,11,8,0.0
0,241,2,23,11,8,0.0
0,241,2,24,11,8,0.0
1,242,1,20,11,13,1.0
1,242,1,21,11,13,0.0
1,242,1,22,11,13,0.0
1,242,1,23,11,13,0.0
1,242,1,24,11,13,0.0
1,242,2,20,11,13,0.0
1,242,2,21,11,13,0.0
1,242,2,22,11,13,0.0
1,242,2,23,11,13,0.0
1,242,2,24,11,13,0.0
2,243,1,20,11,18,1.0
2,243,1,21,11,18,0.0
2,243,1,22,11,18,0.0
2,243,1,23,11,18,0.0
2,243,1,24,11,18,0.0
2,243,2,20,11,18,0.0
2,243,2,21,11,18,0.0
2,243,2,22,11,18,0.0
2,243,2,23,11,18,0.0
2,243,2,24,11,18,0.0
3,244,1,20,11,20,1.0
3,244,1,21,11,20,0.0
3,244,1,22,11,20,0.0
3,244,1,23,11,20,0.0
3,244,1,24,11,20,0.0
3,244,2,20,11,20,0.0
3,244,2,21,11,20,0.0
3,244,2,22,11,20,0.0
3,244,2,23,11,20,0.0
3,244,2,24,11,20,0.0
4,245,1,20,11,17,1.0
4,245,1,21,11,17,0.0
4,245,1,22,11,17,0.0
4,245,1,23,11,17,0.0
4,245,1,24,11,17,0.0
4,245,2,20,11,17,0.0
4,245,2,21,11,17,0.0
4,245,2,22,11,17,0.0
4,245,2,23,11,17,0.0
4,245,2,24,11,17,0.0
5,246,1,20,11,26,1.0
5,246,1,21,11,26,0.0
5,246,1,22,11,26,0.0
5,246,1,23,11,26,0.0
5,246,1,24,11,26,0.0
5,246,2,20,11,26,0.0
5,246,2,21,11,26,0.0
5,246,2,22,11,26,0.0
5,246,2,23,11,26,0.0
5,246,2,24,11,26,0.0
6,247,1,20,11,22,1.0
6,247,1,21,11,22,0.0
6,247,1,22,11,22,0.0
6,247,1,23,11,22,0.0
6,247,1,24,11,22,0.0
6,247,2,20,11,22,0.0
6,247,2,21,11,22,0.0
6,247,2,22,11,22,0.0
6,247,2,23,11,22,0.0
6,247,2,24,11,22,0.0
7,248,1,20,11,18,1.0
7,248,1,21,11,18,0.0
7,248,1,22,11,18,0.0
7,248,1,23,11,18,0.0
7,248,1,24,11,18,0.0
7,248,2,20,11,18,0.0
7,248,2,21,11,18,0.0
7,248,2,22,11,18,0.0
7,248,2,23,11,18,0.0
7,248,2,24,11,18,0.0
8,249,1,20,11,16,1.0
8,249,1,21,11,16,0.0
8,249,1,22,11,16,0.0
8,249,1,23,11,16,0.0
8,249,1,24,11,16,0.0
8,249,2,20,11,16,0.0
8,249,2,21,11,16,0.0
8,249,2,22,11,16,0.0
8,249,2,23,11,16,0.0
8,249,2,24,11,16,0.0
9,250,1,20,11,15,0.0
9,250,1,21,11,15,0.0
9,250,1,22,11,15,0.0
9,250,1,23,11,15,0.0
9,250,1,24,11,15,0.0
9,250,2,20,11,15,1.0
9,250,2,21,11,15,0.0
9,250,2,22,11,15,0.0
9,250,2,23,11,15,0.0
9,250,2,24,11,15,0.0
10,251,1,20,11,23,0.0
10,251,1,21,11,23,0.0
10,251,1,22,11,23,0.0
10,251,1,23,11,23,0.0
10,251,1,24,11,23,0.0
10,251,2,20,11,23,1.0
10,251,2,21,11,23,0.0
10,251,2,22,11,23,0.0
10,251,2,23,11,23,0.0
10,251,2,24,11,23,0.0
11,252,1,20,11,14,0.0
11,252,1,21,11,14,0.0
11,252,1,22,11,14,0.0
11,252,1,23,11,14,0.0
11,252,1,24,11,14,0.0
11,252,2,20,11,14,1.0
11,252,2,21,11,14,0.0
11,252,2,22,11,14,0.0
11,252,2,23,11,14,0.0
11,252,2,24,11,14,0.0
12,253,1,20,11,23,0.0
12,253,1,21,11,23,0.0
12,253,1,22,11,23,0.0
12,253,1,23,11,23,0.0
12,253,1,24,11,23,0.0
12,253,2,20,11,23,1.0
12,253,2,21,11,23,0.0
12,253,2,22,11,23,0.0
12,253,2,23,11,23,0.0
12,253,2,24,11,23,0.0
13,254,1,20,11,19,0.0
13,254,1,21,11,19,0.0
13,254,1,22,11,19,0.0
13,254,1,23,11,19,0.0
13,254,1,24,11,19,0.0
13,254,2,20,11,19,1.0
13,254,2,21,11,19,0.0
13,254,2,22,11,19,0.0
13,254,2,23,11,19,0.0
13,254,2,24,11,19,0.0
14,255,1,20,11,15,0.0
14,255,1,21,11,15,0.0
14,255,1,22,11,15,0.0
14,255,1,23,11,15,0.0
14,255,1,24,11,15,0.0
14,255,2,20,11,15,1.0
14,255,2,21,11,15,0.0
14,255,2,22,11,15,0.0
14,255,2,23,11,15,0.0
14,255,2,24,11,15,0.0
15,256,1,20,11,13,0.0
15,256,1,21,11,13,0.0
15,256,1,22,11,13,0.0
15,256,1,23,11,13,0.0
15,256,1,24,11,13,0.0
15,256,2,20,11,13,1.0
15,256,2,21,11,13,0.0
15,256,2,22,11,13,0.0
15,256,2,23,11,13,0.0
15,256,2,24,11,13,0.0
16,257,1,20,11,20,0.0
16,257,1,21,11,20,0.0
16,257,1,22,11,20,0.0
16,257,1,23,11,20,0.0
16,257,1,24,11,20,0.0
16,257,2,20,11,20,1.0
16,257,2,21,11,20,0.0
16,257,2,22,11,20,0.0
16,257,2,23,11,20,0.0
16,257,2,24,11,20,0.0
17,258,1,20,11,15,0.0
17,258,1,21,11,15,0.0
17,258,1,22,11,15,0.0
17,258,1,23,11,15,0.0
17,258,1,24,11,15,0.0
17,258,2,20,11,15,1.0
17,258,2,21,11,15,0.0
17,258,2,22,11,15,0.0
17,258,2,23,11,15,0.0
17,258,2,24,11,15,0.0
18,259,1,20,11,11,0.0
18,259,1,21,11,11,0.0
18,259,1,22,11,11,0.0
18,259,1,23,11,11,0.0
18,259,1,24,11,11,0.0
18,259,2,20,11,11,1.0
18,259,2,21,11,11,0.0
18,259,2,22,11,11,0.0
18,259,2,23,11,11,0.0
18,259,2,24,11,11,0.0
19,260,1,20,11,15,0.0
19,260,1,21,11,15,1.0
19,260,1,22,11,15,0.0
19,260,1,23,11,15,0.0
19,260,1,24,11,15,0.0
19,260,2,20,11,15,0.0
19,260,2,21,11,15,0.0
19,260,2,22,11,15,0.0
19,260,2,23,11,15,0.0
19,260,2,24,11,15,0.0
20,261,1,20,12,10,0.0
20,261,1,21,12,10,1.0
20,261,1,22,12,10,0.0
20,261,1,23,12,10,0.0
20,261,1,24,12,10,0.0
20,261,2,20,12,10,0.0
20,261,2,21,12,10,0.0
20,261,2,22,12,10,0.0
20,261,2,23,12,10,0.0
20,261,2,24,12,10,0.0
21,262,1,20,12,20,0.0
21,262,1,21,12,20,1.0
21,262,1,22,12,20,0.0
21,262,1,23,12,20,0.0
21,262,1,24,12,20,0.0
21,262,2,20,12,20,0.0
21,262,2,21,12,20,0.0
21,262,2,22,12,20,0.0
21,262,2,23,12,20,0.0
21,262,2,24,12,20,0.0
22,263,1,20,12,16,0.0
22,263,1,21,12,16,1.0
22,263,1,22,12,16,0.0
22,263,1,23,12,16,0.0
22,263,1,24,12,16,0.0
22,263,2,20,12,16,0.0
22,263,2,21,12,16,0.0
22,263,2,22,12,16,0.0
22,263,2,23,12,16,0.0
22,263,2,24,12,16,0.0
23,264,1,20,12,8,0.0
23,264,1,21,12,8,1.0
23,264,1,22,12,8,0.0
23,264,1,23,12,8,0.0
23,264,1,24,12,8,0.0
23,264,2,20,12,8,0.0
23,264,2,21,12,8,0.0
23,264,2,22,12,8,0.0
23,264,2,23,12,8,0.0
23,264,2,24,12,8,0.0
24,265,1,20,12,17,0.0
24,265,1,21,12,17,1.0
24,265,1,22,12,17,0.0
24,265,1,23,12,17,0.0
24,265,1,24,12,17,0.0
24,265,2,20,12,17,0.0
24,265,2,21,12,17,0.0
24,265,2,22,12,17,0.0
24,265,2,23,12,17,0.0
24,265,2,24,12,17,0.0
25,266,1,20,12,12,0.0
25,266,1,21,12,12,1.0
25,266,1,22,12,12,0.0
25,266,1,23,12,12,0.0
25,266,1,24,12,12,0.0
25,266,2,20,12,12,0.0
25,266,2,21,12,12,0.0
25,266,2,22,12,12,0.0
25,266,2,23,12,12,0.0
25,266,2,24,12,12,0.0
26,267,1,20,12,9,0.0
26,267,1,21,12,9,1.0
26,267,1,22,12,9,0.0
26,267,1,23,12,9,0.0
26,267,1,24,12,9,0.0
26,267,2,20,12,9,0.0
26,267,2,21,12,9,0.0
26,267,2,22,12,9,0.0
26,267,2,23,12,9,0.0
26,267,2,24,12,9,0.0
27,268,1,20,12,13,0.0
27,268,1,21,12,13,1.0
27,268,1,22,12,13,0.0
27,268,1,23,12,13,0.0
27,268,1,24,12,13,0.0
27,268,2,20,12,13,0.0
27,268,2,21,12,13,0.0
27,268,2,22,12,13,0.0
27,268,2,23,12,13,0.0
27,268,2,24,12,13,0.0
28,269,1,20,12,14,0.0
28,269,1,21,12,14,1.0
28,269,1,22,12,14,0.0
28,269,1,23,12,14,0.0
28,269,1,24,12,14,0.0
28,269,2,20,12,14,0.0
28,269,2,21,12,14,0.0
28,269,2,22,12,14,0.0
28,269,2,23,12,14,0.0
28,269,2,24,12,14,0.0
29,270,1,20,12,14,0.0
29,270,1,21,12,14,0.0
29,270,1,22,12,14,0.0
29,270,1,23,12,14,0.0
29,270,1,24,12,14,0.0
29,270,2,20,12,14,0.0
29,270,2,21,12,14,1.0
29,270,2,22,12,14,0.0
29,270,2,23,12,14,0.0
29,270,2,24,12,14,0.0
30,271,1,20,12,11,0.0
30,271,1,21,12,11,0.0
30,271,1,22,12,11,0.0
30,271,1,23,12,11,0.0
30,271,1,24,12,11,0.0
30,271,2,20,12,11,0.0
30,271,2,21,12,11,1.0
30,271,2,22,12,11,0.0
30,271,2,23,12,11,0.0
30,271,2,24,12,11,0.0
31,272,1,20,12,15,0.0
31,272,1,21,12,15,0.0
31,272,1,22,12,15,0.0
31,272,1,23,12,15,0.0
31,272,1,24,12,15,0.0
31,272,2,20,12,15,0.0
31,272,2,21,12,15,1.0
31,272,2,22,12,15,0.0
31,272,2,23,12,15,0.0
31,272,2,24,12,15,0.0
32,273,1,20,12,16,0.0
32,273,1,21,12,16,0.0
32,273,1,22,12,16,0.0
32,273,1,23,12,16,0.0
32,273,1,24,12,16,0.0
32,273,2,20,12,16,0.0
32,273,2,21,12,16,1.0
32,273,2,22,12,16,0.0
32,273,2,23,12,16,0.0
32,273,2,24,12,16,0.0
33,274,1,20,12,13,0.0
33,274,1,21,12,13,0.0
33,274,1,22,12,13,0.0
33,274,1,23,12,13,0.0
33,274,1,24,12,13,0.0
33,274,2,20,12,13,0.0
33,274,2,21,12,13,1.0
33,274,2,22,12,13,0.0
33,274,2,23,12,13,0.0
33,274,2,24,12,13,0.0
34,275,1,20,12,15,0.0
34,275,1,21,12,15,0.0
34,275,1,22,12,15,0.0
34,275,1,23,12,15,0.0
34,275,1,24,12,15,0.0
34,275,2,20,12,15,0.0
34,275,2,21,12,15,1.0
34,275,2,22,12,15,0.0
34,275,2,23,12,15,0.0
34,275,2,24,12,15,0.0
35,276,1,20,12,19,0.0
35,276,1,21,12,19,0.0
35,276,1,22,12,19,0.0
35,276,1,23,12,19,0.0
35,276,1,24,12,19,0.0
35,276,2,20,12,19,0.0
35,276,2,21,12,19,1.0
35,276,2,22,12,19,0.0
35,276,2,23,12,19,0.0
35,276,2,24,12,19,0.0
36,277,1,20,12,13,0.0
36,277,1,21,12,13,0.0
36,277,1,22,12,13,0.0
36,277,1,23,12,13,0.0
36,277,1,24,12,13,0.0
36,277,2,20,12,13,0.0
36,277,2,21,12,13,1.0
36,277,2,22,12,13,0.0
36,277,2,23,12,13,0.0
36,277,2,24,12,13,0.0
37,278,1,20,12,11,0.0
37,278,1,21,12,11,0.0
37,278,1,22,12,11,0.0
37,278,1,23,12,11,0.0
37,278,1,24,12,11,0.0
37,278,2,20,12,11,0.0
37,278,2,21,12,11,1.0
37,278,2,22,12,11,0.0
37,278,2,23,12,11,0.0
37,278,2,24,12,11,0.0
38,279,1,20,12,18,0.0
38,279,1,21,12,18,0.0
38,279,1,22,12,18,1.0
38,279,1,23,12,18,0.0
38,279,1,24,12,18,0.0
38,279,2,20,12,18,0.0
38,279,2,21,12,18,0.0
38,279,2,22,12,18,0.0
38,279,2,23,12,18,0.0
38,279,2,24,12,18,0.0
39,280,1,20,12,21,0.0
39,280,1,21,12,21,0.0
39,280,1,22,12,21,0.0
39,280,1,23,12,21,0.0
39,280,1,24,12,21,0.0
39,280,2,20,12,21,0.0
39,280,2,21,12,21,1.0
39,280,2,22,12,21,0.0
39,280,2,23,12,21,0.0
39,280,2,24,12,21,0.0
40,281,1,20,12,18,0.0
40,281,1,21,12,18,0.0
40,281,1,22,12,18,1.0
40,281,1,23,12,18,0.0
40,281,1,24,12,18,0.0
40,281,2,20,12,18,0.0
40,281,2,21,12,18,0.0
40,281,2,22,12,18,0.0
40,281,2,23,12,18,0.0
40,281,2,24,12,18,0.0
41,282,1,20,12,25,0.0
41,282,1,21,12,25,0.0
41,282,1,22,12,25,1.0
41,282,1,23,12,25,0.0
41,282,1,24,12,25,0.0
41,282,2,20,12,25,0.0
41,282,2,21,12,25,0.0
41,282,2,22,12,25,0.0
41,282,2,23,12,25,0.0
41,282,2,24,12,25,0.0
42,283,1,20,12,17,0.0
42,283,1,21,12,17,0.0
42,283,1,22,12,17,1.0
42,283,1,23,12,17,0.0
42,283,1,24,12,17,0.0
42,283,2,20,12,17,0.0
42,283,2,21,12,17,0.0
42,283,2,22,12,17,0.0
42,283,2,23,12,17,0.0
42,283,2,24,12,17,0.0
43,284,1,20,12,24,0.0
43,284,1,21,12,24,0.0
43,284,1,22,12,24,1.0
43,284,1,23,12,24,0.0
43,284,1,24,12,24,0.0
43,284,2,20,12,24,0.0
43,284,2,21,12,24,0.0
43,284,2,22,12,24,0.0
43,284,2,23,12,24,0.0
43,284,2,24,12,24,0.0
44,285,1,20,12,14,0.0
44,285,1,21,12,14,0.0
44,285,1,22,12,14,1.0
44,285,1,23,12,14,0.0
44,285,1,24,12,14,0.0
44,285,2,20,12,14,0.0
44,285,2,21,12,14,0.0
44,285,2,22,12,14,0.0
44,285,2,23,12,14,0.0
44,285,2,24,12,14,0.0
45,286,1,20,12,9,0.0
45,286,1,21,12,9,0.0
45,286,1,22,12,9,1.0
45,286,1,23,12,9,0.0
45,286,1,24,12,9,0.0
45,286,2,20,12,9,0.0
45,286,2,21,12,9,0.0
45,286,2,22,12,9,0.0
45,286,2,23,12,9,0.0
45,286,2,24,12,9,0.0
46,287,1,20,12,9,0.0
46,287,1,21,12,9,0.0
46,287,1,22,12,9,1.0
46,287,1,23,12,9,0.0
46,287,1,24,12,9,0.0
46,287,2,20,12,9,0.0
46,287,2,21,12,9,0.0
46,287,2,22,12,9,0.0
46,287,2,23,12,9,0.0
46,287,2,24,12,9,0.0
47,288,1,20,12,10,1.0
47,288,1,21,12,10,0.0
47,288,1,22,12,10,0.0
47,288,1,23,12,10,0.0
47,288,1,24,12,10,0.0
47,288,2,20,12,10,0.0
47,288,2,21,12,10,0.0
47,288,2,22,12,10,0.0
47,288,2,23,12,10,0.0
47,288,2,24,12,10,0.0
48,289,1,20,12,5,0.0
48,289,1,21,12,5,0.0
48,289,1,22,12,5,1.0
48,289,1,23,12,5,0.0
48,289,1,24,12,5,0.0
48,289,2,20,12,5,0.0
48,289,2,21,12,5,0.0
48,289,2,22,12,5,0.0
48,289,2,23,12,5,0.0
48,289,2,24,12,5,0.0
49,290,1,20,12,21,0.0
49,290,1,21,12,21,0.0
49,290,1,22,12,21,1.0
49,290,1,23,12,21,0.0
49,290,1,24,12,21,0.0
49,290,2,20,12,21,0.0
49,290,2,21,12,21,0.0
49,290,2,22,12,21,0.0
49,290,2,23,12,21,0.0
49,290,2,24,12,21,0.0
50,291,1,20,12,18,0.0
50,291,1,21,12,18,0.0
50,291,1,22,12,18,1.0
50,291,1,23,12,18,0.0
50,291,1,24,12,18,0.0
50,291,2,20,12,18,0.0
50,291,2,21,12,18,0.0
50,291,2,22,12,18,0.0
50,291,2,23,12,18,0.0
50,291,2,24,12,18,0.0
51,292,1,20,12,18,0.0
51,292,1,21,12,18,0.0
51,292,1,22,12,18,0.0
51,292,1,23,12,18,0.0
51,292,1,24,12,18,0.0
51,292,2,20,12,18,0.0
51,292,2,21,12,18,0.0
51,292,2,22,12,18,1.0
51,292,2,23,12,18,0.0
51,292,2,24,12,18,0.0
52,293,1,20,12,16,0.0
52,293,1,21,12,16,0.0
52,293,1,22,12,16,0.0
52,293,1,23,12,16,0.0
52,293,1,24,12,16,0.0
52,293,2,20,12,16,0.0
52,293,2,21,12,16,0.0
52,293,2,22,12,16,1.0
52,293,2,23,12,16,0.0
52,293,2,24,12,16,0.0
53,294,1,20,12,20,0.0
53,294,1,21,12,20,0.0
53,294,1,22,12,20,0.0
53,294,1,23,12,20,0.0
53,294,1,24,12,20,0.0
53,294,2,20,12,20,0.0
53,294,2,21,12,20,0.0
53,294,2,22,12,20,1.0
53,294,2,23,12,20,0.0
53,294,2,24,12,20,0.0
54,295,1,20,13,17,0.0
54,295,1,21,13,17,0.0
54,295,1,22,13,17,0.0
54,295,1,23,13,17,0.0
54,295,1,24,13,17,0.0
54,295,2,20,13,17,0.0
54,295,2,21,13,17,0.0
54,295,2,22,13,17,1.0
54,295,2,23,13,17,0.0
54,295,2,24,13,17,0.0
55,296,1,20,13,4,0.0
55,296,1,21,13,4,0.0
55,296,1,22,13,4,0.0
55,296,1,23,13,4,0.0
55,296,1,24,13,4,0.0
55,296,2,20,13,4,0.0
55,296,2,21,13,4,0.0
55,296,2,22,13,4,1.0
55,296,2,23,13,4,0.0
55,296,2,24,13,4,0.0
56,297,1,20,13,13,0.0
56,297,1,21,13,13,0.0
56,297,1,22,13,13,0.0
56,297,1,23,13,13,0.0
56,297,1,24,13,13,0.0
56,297,2,20,13,13,0.0
56,297,2,21,13,13,0.0
56,297,2,22,13,13,1.0
56,297,2,23,13,13,0.0
56,297,2,24,13,13,0.0
57,298,1,20,13,23,0.0
57,298,1,21,13,23,0.0
57,298,1,22,13,23,0.0
57,298,1,23,13,23,0.0
57,298,1,24,13,23,0.0
57,298,2,20,13,23,0.0
57,298,2,21,13,23,0.0
57,298,2,22,13,23,1.0
57,298,2,23,13,23,0.0
57,298,2,24,13,23,0.0
58,299,1,20,13,14,0.0
58,299,1,21,13,14,0.0
58,299,1,22,13,14,0.0
58,299,1,23,13,14,0.0
58,299,1,24,13,14,0.0
58,299,2,20,13,14,0.0
58,299,2,21,13,14,0.0
58,299,2,22,13,14,1.0
58,299,2,23,13,14,0.0
58,299,2,24,13,14,0.0
59,300,1,20,13,14,0.0
59,300,1,21,13,14,0.0
59,300,1,22,13,14,0.0
59,300,1,23,13,14,0.0
59,300,1,24,13,14,0.0
59,300,2,20,13,14,0.0
59,300,2,21,13,14,0.0
59,300,2,22,13,14,1.0
59,300,2,23,13,14,0.0
59,300,2,24,13,14,0.0
60,301,1,20,13,28,0.0
60,301,1,21,13,28,0.0
60,301,1,22,13,28,0.0
60,301,1,23,13,28,0.0
60,301,1,24,13,28,0.0
60,301,2,20,13,28,0.0
60,301,2,21,13,28,0.0
60,301,2,22,13,28,1.0
60,301,2,23,13,28,0.0
60,301,2,24,13,28,0.0
61,302,1,20,13,13,0.0
61,302,1,21,13,13,0.0
61,302,1,22,13,13,0.0
61,302,1,23,13,13,0.0
61,302,1,24,13,13,0.0
61,302,2,20,13,13,0.0
61,302,2,21,13,13,0.0
61,302,2,22,13,13,1.0
61,302,2,23,13,13,0.0
61,302,2,24,13,13,0.0
62,303,1,20,13,20,0.0
62,303,1,21,13,20,0.0
62,303,1,22,13,20,0.0
62,303,1,23,13,20,0.0
62,303,1,24,13,20,0.0
62,303,2,20,13,20,0.0
62,303,2,21,13,20,0.0
62,303,2,22,13,20,1.0
62,303,2,23,13,20,0.0
62,303,2,24,13,20,0.0
63,304,1,20,13,7,0.0
63,304,1,21,13,7,0.0
63,304,1,22,13,7,0.0
63,304,1,23,13,7,1.0
63,304,1,24,13,7,0.0
63,304,2,20,13,7,0.0
63,304,2,21,13,7,0.0
63,304,2,22,13,7,0.0
63,304,2,23,13,7,0.0
63,304,2,24,13,7,0.0
64,305,1,20,13,9,0.0
64,305,1,21,13,9,0.0
64,305,1,22,13,9,0.0
64,305,1,23,13,9,1.0
64,305,1,24,13,9,0.0
64,305,2,20,13,9,0.0
64,305,2,21,13,9,0.0
64,305,2,22,13,9,0.0
64,305,2,23,13,9,0.0
64,305,2,24,13,9,0.0
65,306,1,20,13,13,0.0
65,306,1,21,13,13,0.0
65,306,1,22,13,13,0.0
65,306,1,23,13,13,1.0
65,306,1,24,13,13,0.0
65,306,2,20,13,13,0.0
65,306,2,21,13,13,0.0
65,306,2,22,13,13,0.0
65,306,2,23,13,13,0.0
65,306,2,24,13,13,0.0
66,307,1,20,13,22,0.0
66,307,1,21,13,22,0.0
66,307,1,22,13,22,0.0
66,307,1,23,13,22,1.0
66,307,1,24,13,22,0.0
66,307,2,20,13,22,0.0
66,307,2,21,13,22,0.0
66,307,2,22,13,22,0.0
66,307,2,23,13,22,0.0
66,307,2,24,13,22,0.0
67,308,1,20,13,23,0.0
67,308,1,21,13,23,0.0
67,308,1,22,13,23,0.0
67,308,1,23,13,23,1.0
67,308,1,24,13,23,0.0
67,308,2,20,13,23,0.0
67,308,2,21,13,23,0.0
67,308,2,22,13,23,0.0
67,308,2,23,13,23,0.0
67,308,2,24,13,23,0.0
68,309,1,20,13,21,0.0
68,309,1,21,13,21,0.0
68,309,1,22,13,21,0.0
68,309,1,23,13,21,1.0
68,309,1,24,13,21,0.0
68,309,2,20,13,21,0.0
68,309,2,21,13,21,0.0
68,309,2,22,13,21,0.0
68,309,2,23,13,21,0.0
68,309,2,24,13,21,0.0
69,310,1,20,13,11,0.0
69,310,1,21,13,11,0.0
69,310,1,22,13,11,0.0
69,310,1,23,13,11,1.0
69,310,1,24,13,11,0.0
69,310,2,20,13,11,0.0
69,310,2,21,13,11,0.0
69,310,2,22,13,11,0.0
69,310,2,23,13,11,0.0
69,310,2,24,13,11,0.0
70,311,1,20,13,14,0.0
70,311,1,21,13,14,0.0
70,311,1,22,13,14,0.0
70,311,1,23,13,14,0.0
70,311,1,24,13,14,0.0
70,311,2,20,13,14,0.0
70,311,2,21,13,14,0.0
70,311,2,22,13,14,0.0
70,311,2,23,13,14,1.0
70,311,2,24,13,14,0.0
71,312,1,20,13,26,0.0
71,312,1,21,13,26,0.0
71,312,1,22,13,26,0.0
71,312,1,23,13,26,0.0
71,312,1,24,13,26,0.0
71,312,2,20,13,26,0.0
71,312,2,21,13,26,0.0
71,312,2,22,13,26,0.0
71,312,2,23,13,26,1.0
71,312,2,24,13,26,0.0
72,313,1,20,13,16,0.0
72,313,1,21,13,16,0.0
72,313,1,22,13,16,0.0
72,313,1,23,13,16,0.0
72,313,1,24,13,16,0.0
72,313,2,20,13,16,0.0
72,313,2,21,13,16,0.0
72,313,2,22,13,16,0.0
72,313,2,23,13,16,1.0
72,313,2,24,13,16,0.0
73,314,1,20,13,11,0.0
73,314,1,21,13,11,0.0
73,314,1,22,13,11,0.0
73,314,1,23,13,11,0.0
73,314,1,24,13,11,0.0
73,314,2,20,13,11,0.0
73,314,2,21,13,11,0.0
73,314,2,22,13,11,0.0
73,314,2,23,13,11,1.0
73,314,2,24,13,11,0.0
74,315,1,20,13,16,0.0
74,315,1,21,13,16,0.0
74,315,1,22,13,16,0.0
74,315,1,23,13,16,1.0
74,315,1,24,13,16,0.0
74,315,2,20,13,16,0.0
74,315,2,21,13,16,0.0
74,315,2,22,13,16,0.0
74,315,2,23,13,16,0.0
74,315,2,24,13,16,0.0
75,316,1,20,13,14,0.0
75,316,1,21,13,14,0.0
75,316,1,22,13,14,0.0
75,316,1,23,13,14,0.0
75,316,1,24,13,14,0.0
75,316,2,20,13,14,0.0
75,316,2,21,13,14,0.0
75,316,2,22,13,14,0.0
75,316,2,23,13,14,1.0
75,316,2,24,13,14,0.0
76,317,1,20,13,11,0.0
76,317,1,21,13,11,0.0
76,317,1,22,13,11,0.0
76,317,1,23,13,11,0.0
76,317,1,24,13,11,0.0
76,317,2,20,13,11,0.0
76,317,2,21,13,11,0.0
76,317,2,22,13,11,0.0
76,317,2,23,13,11,1.0
76,317,2,24,13,11,0.0
77,318,1,20,13,20,0.0
77,318,1,21,13,20,0.0
77,318,1,22,13,20,0.0
77,318,1,23,13,20,0.0
77,318,1,24,13,20,0.0
77,318,2,20,13,20,0.0
77,318,2,21,13,20,0.0
77,318,2,22,13,20,0.0
77,318,2,23,13,20,1.0
77,318,2,24,13,20,0.0
78,319,1,20,13,18,0.0
78,319,1,21,13,18,0.0
78,319,1,22,13,18,0.0
78,319,1,23,13,18,0.0
78,319,1,24,13,18,0.0
78,319,2,20,13,18,0.0
78,319,2,21,13,18,0.0
78,319,2,22,13,18,0.0
78,319,2,23,13,18,1.0
78,319,2,24,13,18,0.0
79,320,1,20,14,10,0.0
79,320,1,21,14,10,0.0
79,320,1,22,14,10,0.0
79,320,1,23,14,10,0.0
79,320,1,24,14,10,0.0
79,320,2,20,14,10,0.0
79,320,2,21,14,10,0.0
79,320,2,22,14,10,0.0
79,320,2,23,14,10,1.0
79,320,2,24,14,10,0.0
0,321,1,25,14,11,1.0
0,321,1,26,14,11,0.0
0,321,1,27,14,11,0.0
0,321,1,28,14,11,0.0
0,321,1,29,14,11,0.0
0,321,2,25,14,11,0.0
0,321,2,26,14,11,0.0
0,321,2,27,14,11,0.0
0,321,2,28,14,11,0.0
0,321,2,29,14,11,0.0
1,322,1,25,14,21,1.0
1,322,1,26,14,21,0.0
1,322,1,27,14,21,0.0
1,322,1,28,14,21,0.0
1,322,1,29,14,21,0.0
1,322,2,25,14,21,0.0
1,322,2,26,14,21,0.0
1,322,2,27,14,21,0.0
1,322,2,28,14,21,0.0
1,322,2,29,14,21,0.0
2,323,1,25,14,11,1.0
2,323,1,26,14,11,0.0
2,323,1,27,14,11,0.0
2,323,1,28,14,11,0.0
2,323,1,29,14,11,0.0
2,323,2,25,14,11,0.0
2,323,2,26,14,11,0.0
2,323,2,27,14,11,0.0
2,323,2,28,14,11,0.0
2,323,2,29,14,11,0.0
3,324,1,25,14,25,1.0
3,324,1,26,14,25,0.0
3,324,1,27,14,25,0.0
3,324,1,28,14,25,0.0
3,324,1,29,14,25,0.0
3,324,2,25,14,25,0.0
3,324,2,26,14,25,0.0
3,324,2,27,14,25,0.0
3,324,2,28,14,25,0.0
3,324,2,29,14,25,0.0
4,325,1,25,14,11,1.0
4,325,1,26,14,11,0.0
4,325,1,27,14,11,0.0
4,325,1,28,14,11,0.0
4,325,1,29,14,11,0.0
4,325,2,25,14,11,0.0
4,325,2,26,14,11,0.0
4,325,2,27,14,11,0.0
4,325,2,28,14,11,0.0
4,325,2,29,14,11,0.0
5,326,1,25,14,16,1.0
5,326,1,26,14,16,0.0
5,326,1,27,14,16,0.0
5,326,1,28,14,16,0.0
5,326,1,29,14,16,0.0
5,326,2,25,14,16,0.0
5,326,2,26,14,16,0.0
5,326,2,27,14,16,0.0
5,326,2,28,14,16,0.0
5,326,2,29,14,16,0.0
6,327,1,25,14,19,1.0
6,327,1,26,14,19,0.0
6,327,1,27,14,19,0.0
6,327,1,28,14,19,0.0
6,327,1,29,14,19,0.0
6,327,2,25,14,19,0.0
6,327,2,26,14,19,0.0
6,327,2,27,14,19,0.0
6,327,2,28,14,19,0.0
6,327,2,29,14,19,0.0
7,328,1,25,14,10,1.0
7,328,1,26,14,10,0.0
7,328,1,27,14,10,0.0
7,328,1,28,14,10,0.0
7,328,1,29,14,10,0.0
7,328,2,25,14,10,0.0
7,328,2,26,14,10,0.0
7,328,2,27,14,10,0.0
7,328,2,28,14,10,0.0
7,328,2,29,14,10,0.0
8,329,1,25,14,16,1.0
8,329,1,26,14,16,0.0
8,329,1,27,14,16,0.0
8,329,1,28,14,16,0.0
8,329,1,29,14,16,0.0
8,329,2,25,14,16,0.0
8,329,2,26,14,16,0.0
8,329,2,27,14,16,0.0
8,329,2,28,14,16,0.0
8,329,2,29,14,16,0.0
9,330,1,25,14,22,1.0
9,330,1,26,14,22,0.0
9,330,1,27,14,22,0.0
9,330,1,28,14,22,0.0
9,330,1,29,14,22,0.0
9,330,2,25,14,22,0.0
9,330,2,26,14,22,0.0
9,330,2,27,14,22,0.0
9,330,2,28,14,22,0.0
9,330,2,29,14,22,0.0
10,331,1,25,14,22,1.0
10,331,1,26,14,22,0.0
10,331,1,27,14,22,0.0
10,331,1,28,14,22,0.0
10,331,1,29,14,22,0.0
10,331,2,25,14,22,0.0
10,331,2,26,14,22,0.0
10,331,2,27,14,22,0.0
10,331,2,28,14,22,0.0
10,331,2,29,14,22,0.0
11,332,1,25,14,15,0.0
11,332,1,26,14,15,0.0
11,332,1,27,14,15,0.0
11,332,1,28,14,15,0.0
11,332,1,29,14,15,0.0
11,332,2,25,14,15,1.0
11,332,2,26,14,15,0.0
11,332,2,27,14,15,0.0
11,332,2,28,14,15,0.0
11,332,2,29,14,15,0.0
12,333,1,25,14,15,0.0
12,333,1,26,14,15,0.0
12,333,1,27,14,15,0.0
12,333,1,28,14,15,0.0
12,333,1,29,14,15,0.0
12,333,2,25,14,15,1.0
12,333,2,26,14,15,0.0
12,333,2,27,14,15,0.0
12,333,2,28,14,15,0.0
12,333,2,29,14,15,0.0
13,334,1,25,14,5,0.0
13,334,1,26,14,5,0.0
13,334,1,27,14,5,0.0
13,334,1,28,14,5,0.0
13,334,1,29,14,5,0.0
13,334,2,25,14,5,1.0
13,334,2,26,14,5,0.0
13,334,2,27,14,5,0.0
13,334,2,28,14,5,0.0
13,334,2,29,14,5,0.0
14,335,1,25,14,21,0.0
14,335,1,26,14,21,0.0
14,335,1,27,14,21,0.0
14,335,1,28,14,21,0.0
14,335,1,29,14,21,0.0
14,335,2,25,14,21,1.0
14,335,2,26,14,21,0.0
14,335,2,27,14,21,0.0
14,335,2,28,14,21,0.0
14,335,2,29,14,21,0.0
15,336,1,25,14,7,0.0
15,336,1,26,14,7,0.0
15,336,1,27,14,7,0.0
15,336,1,28,14,7,0.0
15,336,1,29,14,7,0.0
15,336,2,25,14,7,1.0
15,336,2,26,14,7,0.0
15,336,2,27,14,7,0.0
15,336,2,28,14,7,0.0
15,336,2,29,14,7,0.0
16,337,1,25,14,10,0.0
16,337,1,26,14,10,0.0
16,337,1,27,14,10,0.0
16,337,1,28,14,10,0.0
16,337,1,29,14,10,0.0
16,337,2,25,14,10,1.0
16,337,2,26,14,10,0.0
16,337,2,27,14,10,0.0
16,337,2,28,14,10,0.0
16,337,2,29,14,10,0.0
17,338,1,25,14,15,0.0
17,338,1,26,14,15,0.0
17,338,1,27,14,15,0.0
17,338,1,28,14,15,0.0
17,338,1,29,14,15,0.0
17,338,2,25,14,15,1.0
17,338,2,26,14,15,0.0
17,338,2,27,14,15,0.0
17,338,2,28,14,15,0.0
17,338,2,29,14,15,0.0
18,339,1,25,14,18,0.0
18,339,1,26,14,18,0.0
18,339,1,27,14,18,0.0
18,339,1,28,14,18,0.0
18,339,1,29,14,18,0.0
18,339,2,25,14,18,1.0
18,339,2,26,14,18,0.0
18,339,2,27,14,18,0.0
18,339,2,28,14,18,0.0
18,339,2,29,14,18,0.0
19,340,1,25,14,21,0.0
19,340,1,26,14,21,0.0
19,340,1,27,14,21,0.0
19,340,1,28,14,21,0.0
19,340,1,29,14,21,0.0
19,340,2,25,14,21,1.0
19,340,2,26,14,21,0.0
19,340,2,27,14,21,0.0
19,340,2,28,14,21,0.0
19,340,2,29,14,21,0.0
20,341,1,25,14,21,0.0
20,341,1,26,14,21,0.0
20,341,1,27,14,21,0.0
20,341,1,28,14,21,0.0
20,341,1,29,14,21,0.0
20,341,2,25,14,21,1.0
20,341,2,26,14,21,0.0
20,341,2,27,14,21,0.0
20,341,2,28,14,21,0.0
20,341,2,29,14,21,0.0
21,342,1,25,14,8,0.0
21,342,1,26,14,8,1.0
21,342,1,27,14,8,0.0
21,342,1,28,14,8,0.0
21,342,1,29,14,8,0.0
21,342,2,25,14,8,0.0
21,342,2,26,14,8,0.0
21,342,2,27,14,8,0.0
21,342,2,28,14,8,0.0
21,342,2,29,14,8,0.0
22,343,1,25,14,17,0.0
22,343,1,26,14,17,1.0
22,343,1,27,14,17,0.0
22,343,1,28,14,17,0.0
22,343,1,29,14,17,0.0
22,343,2,25,14,17,0.0
22,343,2,26,14,17,0.0
22,343,2,27,14,17,0.0
22,343,2,28,14,17,0.0
22,343,2,29,14,17,0.0
23,344,1,25,14,8,0.0
23,344,1,26,14,8,1.0
23,344,1,27,14,8,0.0
23,344,1,28,14,8,0.0
23,344,1,29,14,8,0.0
23,344,2,25,14,8,0.0
23,344,2,26,14,8,0.0
23,344,2,27,14,8,0.0
23,344,2,28,14,8,0.0
23,344,2,29,14,8,0.0
24,345,1,25,14,17,0.0
24,345,1,26,14,17,0.0
24,345,1,27,14,17,0.0
24,345,1,28,14,17,0.0
24,345,1,29,14,17,0.0
24,345,2,25,14,17,1.0
24,345,2,26,14,17,0.0
24,345,2,27,14,17,0.0
24,345,2,28,14,17,0.0
24,345,2,29,14,17,0.0
25,346,1,25,16,19,0.0
25,346,1,26,16,19,1.0
25,346,1,27,16,19,0.0
25,346,1,28,16,19,0.0
25,346,1,29,16,19,0.0
25,346,2,25,16,19,0.0
25,346,2,26,16,19,0.0
25,346,2,27,16,19,0.0
25,346,2,28,16,19,0.0
25,346,2,29,16,19,0.0
26,347,1,25,16,17,0.0
26,347,1,26,16,17,1.0
26,347,1,27,16,17,0.0
26,347,1,28,16,17,0.0
26,347,1,29,16,17,0.0
26,347,2,25,16,17,0.0
26,347,2,26,16,17,0.0
26,347,2,27,16,17,0.0
26,347,2,28,16,17,0.0
26,347,2,29,16,17,0.0
27,348,1,25,16,21,0.0
27,348,1,26,16,21,1.0
27,348,1,27,16,21,0.0
27,348,1,28,16,21,0.0
27,348,1,29,16,21,0.0
27,348,2,25,16,21,0.0
27,348,2,26,16,21,0.0
27,348,2,27,16,21,0.0
27,348,2,28,16,21,0.0
27,348,2,29,16,21,0.0
28,349,1,25,16,10,0.0
28,349,1,26,16,10,1.0
28,349,1,27,16,10,0.0
28,349,1,28,16,10,0.0
28,349,1,29,16,10,0.0
28,349,2,25,16,10,0.0
28,349,2,26,16,10,0.0
28,349,2,27,16,10,0.0
28,349,2,28,16,10,0.0
28,349,2,29,16,10,0.0
29,350,1,25,16,23,0.0
29,350,1,26,16,23,1.0
29,350,1,27,16,23,0.0
29,350,1,28,16,23,0.0
29,350,1,29,16,23,0.0
29,350,2,25,16,23,0.0
29,350,2,26,16,23,0.0
29,350,2,27,16,23,0.0
29,350,2,28,16,23,0.0
29,350,2,29,16,23,0.0
30,351,1,25,16,17,0.0
30,351,1,26,16,17,1.0
30,351,1,27,16,17,0.0
30,351,1,28,16,17,0.0
30,351,1,29,16,17,0.0
30,351,2,25,16,17,0.0
30,351,2,26,16,17,0.0
30,351,2,27,16,17,0.0
30,351,2,28,16,17,0.0
30,351,2,29,16,17,0.0
31,352,1,25,16,14,0.0
31,352,1,26,16,14,1.0
31,352,1,27,16,14,0.0
31,352,1,28,16,14,0.0
31,352,1,29,16,14,0.0
31,352,2,25,16,14,0.0
31,352,2,26,16,14,0.0
31,352,2,27,16,14,0.0
31,352,2,28,16,14,0.0
31,352,2,29,16,14,0.0
32,353,1,25,16,9,0.0
32,353,1,26,16,9,0.0
32,353,1,27,16,9,0.0
32,353,1,28,16,9,0.0
32,353,1,29,16,9,0.0
32,353,2,25,16,9,0.0
32,353,2,26,16,9,1.0
32,353,2,27,16,9,0.0
32,353,2,28,16,9,0.0
32,353,2,29,16,9,0.0
33,354,1,25,16,23,0.0
33,354,1,26,16,23,0.0
33,354,1,27,16,23,0.0
33,354,1,28,16,23,0.0
33,354,1,29,16,23,0.0
33,354,2,25,16,23,0.0
33,354,2,26,16,23,1.0
33,354,2,27,16,23,0.0
33,354,2,28,16,23,0.0
33,354,2,29,16,23,0.0
34,355,1,25,16,13,0.0
34,355,1,26,16,13,1.0
34,355,1,27,16,13,0.0
34,355,1,28,16,13,0.0
34,355,1,29,16,13,0.0
34,355,2,25,16,13,0.0
34,355,2,26,16,13,0.0
34,355,2,27,16,13,0.0
34,355,2,28,16,13,0.0
34,355,2,29,16,13,0.0
35,356,1,25,16,21,0.0
35,356,1,26,16,21,0.0
35,356,1,27,16,21,0.0
35,356,1,28,16,21,0.0
35,356,1,29,16,21,0.0
35,356,2,25,16,21,0.0
35,356,2,26,16,21,1.0
35,356,2,27,16,21,0.0
35,356,2,28,16,21,0.0
35,356,2,29,16,21,0.0
36,357,1,25,16,14,0.0
36,357,1,26,16,14,0.0
36,357,1,27,16,14,0.0
36,357,1,28,16,14,0.0
36,357,1,29,16,14,0.0
36,357,2,25,16,14,0.0
36,357,2,26,16,14,1.0
36,357,2,27,16,14,0.0
36,357,2,28,16,14,0.0
36,357,2,29,16,14,0.0
37,358,1,25,16,18,0.0
37,358,1,26,16,18,0.0
37,358,1,27,16,18,0.0
37,358,1,28,16,18,0.0
37,358,1,29,16,18,0.0
37,358,2,25,16,18,0.0
37,358,2,26,16,18,1.0
37,358,2,27,16,18,0.0
37,358,2,28,16,18,0.0
37,358,2,29,16,18,0.0
38,359,1,25,16,6,0.0
38,359,1,26,16,6,0.0
38,359,1,27,16,6,0.0
38,359,1,28,16,6,0.0
38,359,1,29,16,6,0.0
38,359,2,25,16,6,0.0
38,359,2,26,16,6,1.0
38,359,2,27,16,6,0.0
38,359,2,28,16,6,0.0
38,359,2,29,16,6,0.0
39,360,1,25,16,24,0.0
39,360,1,26,16,24,0.0
39,360,1,27,16,24,0.0
39,360,1,28,16,24,0.0
39,360,1,29,16,24,0.0
39,360,2,25,16,24,0.0
39,360,2,26,16,24,1.0
39,360,2,27,16,24,0.0
39,360,2,28,16,24,0.0
39,360,2,29,16,24,0.0
40,361,1,25,16,19,0.0
40,361,1,26,16,19,0.0
40,361,1,27,16,19,0.0
40,361,1,28,16,19,0.0
40,361,1,29,16,19,0.0
40,361,2,25,16,19,0.0
40,361,2,26,16,19,1.0
40,361,2,27,16,19,0.0
40,361,2,28,16,19,0.0
40,361,2,29,16,19,0.0
41,362,1,25,16,15,0.0
41,362,1,26,16,15,0.0
41,362,1,27,16,15,0.0
41,362,1,28,16,15,0.0
41,362,1,29,16,15,0.0
41,362,2,25,16,15,0.0
41,362,2,26,16,15,1.0
41,362,2,27,16,15,0.0
41,362,2,28,16,15,0.0
41,362,2,29,16,15,0.0
42,363,1,25,16,25,0.0
42,363,1,26,16,25,0.0
42,363,1,27,16,25,0.0
42,363,1,28,16,25,0.0
42,363,1,29,16,25,0.0
42,363,2,25,16,25,0.0
42,363,2,26,16,25,1.0
42,363,2,27,16,25,0.0
42,363,2,28,16,25,0.0
42,363,2,29,16,25,0.0
43,364,1,25,16,26,0.0
43,364,1,26,16,26,0.0
43,364,1,27,16,26,1.0
43,364,1,28,16,26,0.0
43,364,1,29,16,26,0.0
43,364,2,25,16,26,0.0
43,364,2,26,16,26,0.0
43,364,2,27,16,26,0.0
43,364,2,28,16,26,0.0
43,364,2,29,16,26,0.0
44,365,1,25,16,21,0.0
44,365,1,26,16,21,0.0
44,365,1,27,16,21,1.0
44,365,1,28,16,21,0.0
44,365,1,29,16,21,0.0
44,365,2,25,16,21,0.0
44,365,2,26,16,21,0.0
44,365,2,27,16,21,0.0
44,365,2,28,16,21,0.0
44,365,2,29,16,21,0.0
45,366,1,25,16,12,0.0
45,366,1,26,16,12,0.0
45,366,1,27,16,12,1.0
45,366,1,28,16,12,0.0
45,366,1,29,16,12,0.0
45,366,2,25,16,12,0.0
45,366,2,26,16,12,0.0
45,366,2,27,16,12,0.0
45,366,2,28,16,12,0.0
45,366,2,29,16,12,0.0
46,367,1,25,16,12,0.0
46,367,1,26,16,12,0.0
46,367,1,27,16,12,1.0
46,367,1,28,16,12,0.0
46,367,1,29,16,12,0.0
46,367,2,25,16,12,0.0
46,367,2,26,16,12,0.0
46,367,2,27,16,12,0.0
46,367,2,28,16,12,0.0
46,367,2,29,16,12,0.0
47,368,1,25,16,13,0.0
47,368,1,26,16,13,0.0
47,368,1,27,16,13,1.0
47,368,1,28,16,13,0.0
47,368,1,29,16,13,0.0
47,368,2,25,16,13,0.0
47,368,2,26,16,13,0.0
47,368,2,27,16,13,0.0
47,368,2,28,16,13,0.0
47,368,2,29,16,13,0.0
48,369,1,25,16,14,0.0
48,369,1,26,16,14,0.0
48,369,1,27,16,14,1.0
48,369,1,28,16,14,0.0
48,369,1,29,16,14,0.0
48,369,2,25,16,14,0.0
48,369,2,26,16,14,0.0
48,369,2,27,16,14,0.0
48,369,2,28,16,14,0.0
48,369,2,29,16,14,0.0
49,370,1,25,16,13,0.0
49,370,1,26,16,13,0.0
49,370,1,27,16,13,1.0
49,370,1,28,16,13,0.0
49,370,1,29,16,13,0.0
49,370,2,25,16,13,0.0
49,370,2,26,16,13,0.0
49,370,2,27,16,13,0.0
49,370,2,28,16,13,0.0
49,370,2,29,16,13,0.0
50,371,1,25,16,14,0.0
50,371,1,26,16,14,0.0
50,371,1,27,16,14,1.0
50,371,1,28,16,14,0.0
50,371,1,29,16,14,0.0
50,371,2,25,16,14,0.0
50,371,2,26,16,14,0.0
50,371,2,27,16,14,0.0
50,371,2,28,16,14,0.0
50,371,2,29,16,14,0.0
51,372,1,25,16,13,0.0
51,372,1,26,16,13,0.0
51,372,1,27,16,13,1.0
51,372,1,28,16,13,0.0
51,372,1,29,16,13,0.0
51,372,2,25,16,13,0.0
51,372,2,26,16,13,0.0
51,372,2,27,16,13,0.0
51,372,2,28,16,13,0.0
51,372,2,29,16,13,0.0
52,373,1,25,16,14,0.0
52,373,1,26,16,14,0.0
52,373,1,27,16,14,1.0
52,373,1,28,16,14,0.0
52,373,1,29,16,14,0.0
52,373,2,25,16,14,0.0
52,373,2,26,16,14,0.0
52,373,2,27,16,14,0.0
52,373,2,28,16,14,0.0
52,373,2,29,16,14,0.0
53,374,1,25,16,18,0.0
53,374,1,26,16,18,0.0
53,374,1,27,16,18,1.0
53,374,1,28,16,18,0.0
53,374,1,29,16,18,0.0
53,374,2,25,16,18,0.0
53,374,2,26,16,18,0.0
53,374,2,27,16,18,0.0
53,374,2,28,16,18,0.0
53,374,2,29,16,18,0.0
54,375,1,25,16,11,0.0
54,375,1,26,16,11,0.0
54,375,1,27,16,11,0.0
54,375,1,28,16,11,0.0
54,375,1,29,16,11,0.0
54,375,2,25,16,11,0.0
54,375,2,26,16,11,0.0
54,375,2,27,16,11,1.0
54,375,2,28,16,11,0.0
54,375,2,29,16,11,0.0
55,376,1,25,16,18,0.0
55,376,1,26,16,18,0.0
55,376,1,27,16,18,0.0
55,376,1,28,16,18,0.0
55,376,1,29,16,18,0.0
55,376,2,25,16,18,0.0
55,376,2,26,16,18,0.0
55,376,2,27,16,18,1.0
55,376,2,28,16,18,0.0
55,376,2,29,16,18,0.0
56,377,1,25,17,15,0.0
56,377,1,26,17,15,0.0
56,377,1,27,17,15,0.0
56,377,1,28,17,15,0.0
56,377,1,29,17,15,0.0
56,377,2,25,17,15,0.0
56,377,2,26,17,15,0.0
56,377,2,27,17,15,1.0
56,377,2,28,17,15,0.0
56,377,2,29,17,15,0.0
57,378,1,25,17,19,0.0
57,378,1,26,17,19,0.0
57,378,1,27,17,19,0.0
57,378,1,28,17,19,0.0
57,378,1,29,17,19,0.0
57,378,2,25,17,19,0.0
57,378,2,26,17,19,0.0
57,378,2,27,17,19,1.0
57,378,2,28,17,19,0.0
57,378,2,29,17,19,0.0
58,379,1,25,17,20,0.0
58,379,1,26,17,20,0.0
58,379,1,27,17,20,0.0
58,379,1,28,17,20,0.0
58,379,1,29,17,20,0.0
58,379,2,25,17,20,0.0
58,379,2,26,17,20,0.0
58,379,2,27,17,20,1.0
58,379,2,28,17,20,0.0
58,379,2,29,17,20,0.0
59,380,1,25,17,19,0.0
59,380,1,26,17,19,0.0
59,380,1,27,17,19,0.0
59,380,1,28,17,19,0.0
59,380,1,29,17,19,0.0
59,380,2,25,17,19,0.0
59,380,2,26,17,19,0.0
59,380,2,27,17,19,1.0
59,380,2,28,17,19,0.0
59,380,2,29,17,19,0.0
60,381,1,25,17,3,0.0
60,381,1,26,17,3,0.0
60,381,1,27,17,3,0.0
60,381,1,28,17,3,0.0
60,381,1,29,17,3,0.0
60,381,2,25,17,3,0.0
60,381,2,26,17,3,0.0
60,381,2,27,17,3,1.0
60,381,2,28,17,3,0.0
60,381,2,29,17,3,0.0
61,382,1,25,17,10,0.0
61,382,1,26,17,10,0.0
61,382,1,27,17,10,0.0
61,382,1,28,17,10,0.0
61,382,1,29,17,10,0.0
61,382,2,25,17,10,0.0
61,382,2,26,17,10,0.0
61,382,2,27,17,10,1.0
61,382,2,28,17,10,0.0
61,382,2,29,17,10,0.0
62,383,1,25,17,15,0.0
62,383,1,26,17,15,0.0
62,383,1,27,17,15,0.0
62,383,1,28,17,15,1.0
62,383,1,29,17,15,0.0
62,383,2,25,17,15,0.0
62,383,2,26,17,15,0.0
62,383,2,27,17,15,0.0
62,383,2,28,17,15,0.0
62,383,2,29,17,15,0.0
63,384,1,25,17,20,0.0
63,384,1,26,17,20,0.0
63,384,1,27,17,20,0.0
63,384,1,28,17,20,1.0
63,384,1,29,17,20,0.0
63,384,2,25,17,20,0.0
63,384,2,26,17,20,0.0
63,384,2,27,17,20,0.0
63,384,2,28,17,20,0.0
63,384,2,29,17,20,0.0
64,385,1,25,17,16,0.0
64,385,1,26,17,16,0.0
64,385,1,27,17,16,0.0
64,385,1,28,17,16,1.0
64,385,1,29,17,16,0.0
64,385,2,25,17,16,0.0
64,385,2,26,17,16,0.0
64,385,2,27,17,16,0.0
64,385,2,28,17,16,0.0
64,385,2,29,17,16,0.0
65,386,1,25,17,18,0.0
65,386,1,26,17,18,0.0
65,386,1,27,17,18,0.0
65,386,1,28,17,18,1.0
65,386,1,29,17,18,0.0
65,386,2,25,17,18,0.0
65,386,2,26,17,18,0.0
65,386,2,27,17,18,0.0
65,386,2,28,17,18,0.0
65,386,2,29,17,18,0.0
66,387,1,25,17,11,0.0
66,387,1,26,17,11,0.0
66,387,1,27,17,11,0.0
66,387,1,28,17,11,0.0
66,387,1,29,17,11,0.0
66,387,2,25,17,11,0.0
66,387,2,26,17,11,0.0
66,387,2,27,17,11,1.0
66,387,2,28,17,11,0.0
66,387,2,29,17,11,0.0
67,388,1,25,17,12,0.0
67,388,1,26,17,12,0.0
67,388,1,27,17,12,0.0
67,388,1,28,17,12,1.0
67,388,1,29,17,12,0.0
67,388,2,25,17,12,0.0
67,388,2,26,17,12,0.0
67,388,2,27,17,12,0.0
67,388,2,28,17,12,0.0
67,388,2,29,17,12,0.0
68,389,1,25,17,20,0.0
68,389,1,26,17,20,0.0
68,389,1,27,17,20,0.0
68,389,1,28,17,20,1.0
68,389,1,29,17,20,0.0
68,389,2,25,17,20,0.0
68,389,2,26,17,20,0.0
68,389,2,27,17,20,0.0
68,389,2,28,17,20,0.0
68,389,2,29,17,20,0.0
69,390,1,25,17,18,0.0
69,390,1,26,17,18,0.0
69,390,1,27,17,18,0.0
69,390,1,28,17,18,1.0
69,390,1,29,17,18,0.0
69,390,2,25,17,18,0.0
69,390,2,26,17,18,0.0
69,390,2,27,17,18,0.0
69,390,2,28,17,18,0.0
69,390,2,29,17,18,0.0
70,391,1,25,17,7,0.0
70,391,1,26,17,7,0.0
70,391,1,27,17,7,0.0
70,391,1,28,17,7,1.0
70,391,1,29,17,7,0.0
70,391,2,25,17,7,0.0
70,391,2,26,17,7,0.0
70,391,2,27,17,7,0.0
70,391,2,28,17,7,0.0
70,391,2,29,17,7,0.0
71,392,1,25,17,10,0.0
71,392,1,26,17,10,0.0
71,392,1,27,17,10,0.0
71,392,1,28,17,10,1.0
71,392,1,29,17,10,0.0
71,392,2,25,17,10,0.0
71,392,2,26,17,10,0.0
71,392,2,27,17,10,0.0
71,392,2,28,17,10,0.0
71,392,2,29,17,10,0.0
72,393,1,25,17,10,0.0
72,393,1,26,17,10,0.0
72,393,1,27,17,10,0.0
72,393,1,28,17,10,0.0
72,393,1,29,17,10,0.0
72,393,2,25,17,10,0.0
72,393,2,26,17,10,0.0
72,393,2,27,17,10,0.0
72,393,2,28,17,10,1.0
72,393,2,29,17,10,0.0
73,394,1,25,17,8,0.0
73,394,1,26,17,8,0.0
73,394,1,27,17,8,0.0
73,394,1,28,17,8,1.0
73,394,1,29,17,8,0.0
73,394,2,25,17,8,0.0
73,394,2,26,17,8,0.0
73,394,2,27,17,8,0.0
73,394,2,28,17,8,0.0
73,394,2,29,17,8,0.0
74,395,1,25,17,14,0.0
74,395,1,26,17,14,0.0
74,395,1,27,17,14,0.0
74,395,1,28,17,14,0.0
74,395,1,29,17,14,0.0
74,395,2,25,17,14,0.0
74,395,2,26,17,14,0.0
74,395,2,27,17,14,0.0
74,395,2,28,17,14,1.0
74,395,2,29,17,14,0.0
75,396,1,25,17,12,0.0
75,396,1,26,17,12,0.0
75,396,1,27,17,12,0.0
75,396,1,28,17,12,0.0
75,396,1,29,17,12,0.0
75,396,2,25,17,12,0.0
75,396,2,26,17,12,0.0
75,396,2,27,17,12,0.0
75,396,2,28,17,12,1.0
75,396,2,29,17,12,0.0
76,397,1,25,17,19,0.0
76,397,1,26,17,19,0.0
76,397,1,27,17,19,0.0
76,397,1,28,17,19,0.0
76,397,1,29,17,19,0.0
76,397,2,25,17,19,0.0
76,397,2,26,17,19,0.0
76,397,2,27,17,19,0.0
76,397,2,28,17,19,1.0
76,397,2,29,17,19,0.0
77,398,1,25,17,23,0.0
77,398,1,26,17,23,0.0
77,398,1,27,17,23,0.0
77,398,1,28,17,23,0.0
77,398,1,29,17,23,0.0
77,398,2,25,17,23,0.0
77,398,2,26,17,23,0.0
77,398,2,27,17,23,0.0
77,398,2,28,17,23,1.0
77,398,2,29,17,23,0.0
78,399,1,25,17,20,0.0
78,399,1,26,17,20,0.0
78,399,1,27,17,20,0.0
78,399,1,28,17,20,0.0
78,399,1,29,17,20,0.0
78,399,2,25,17,20,0.0
78,399,2,26,17,20,0.0
78,399,2,27,17,20,0.0
78,399,2,28,17,20,1.0
78,399,2,29,17,20,0.0
79,400,1,25,17,14,0.0
79,400,1,26,17,14,0.0
79,400,1,27,17,14,0.0
79,400,1,28,17,14,0.0
79,400,1,29,17,14,0.0
79,400,2,25,17,14,0.0
79,400,2,26,17,14,0.0
79,400,2,27,17,14,0.0
79,400,2,28,17,14,1.0
79,400,2,29,17,14,0.0
0,401,1,30,17,13,1.0
0,401,1,31,17,13,0.0
0,401,1,32,17,13,0.0
0,401,1,33,17,13,0.0
0,401,1,34,17,13,0.0
0,401,2,30,17,13,0.0
0,401,2,31,17,13,0.0
0,401,2,32,17,13,0.0
0,401,2,33,17,13,0.0
0,401,2,34,17,13,0.0
1,402,1,30,17,17,1.0
1,402,1,31,17,17,0.0
1,402,1,32,17,17,0.0
1,402,1,33,17,17,0.0
1,402,1,34,17,17,0.0
1,402,2,30,17,17,0.0
1,402,2,31,17,17,0.0
1,402,2,32,17,17,0.0
1,402,2,33,17,17,0.0
1,402,2,34,17,17,0.0
2,403,1,30,18,25,1.0
2,403,1,31,18,25,0.0
2,403,1,32,18,25,0.0
2,403,1,33,18,25,0.0
2,403,1,34,18,25,0.0
2,403,2,30,18,25,0.0
2,403,2,31,18,25,0.0
2,403,2,32,18,25,0.0
2,403,2,33,18,25,0.0
2,403,2,34,18,25,0.0
3,404,1,30,18,13,1.0
3,404,1,31,18,13,0.0
3,404,1,32,18,13,0.0
3,404,1,33,18,13,0.0
3,404,1,34,18,13,0.0
3,404,2,30,18,13,0.0
3,404,2,31,18,13,0.0
3,404,2,32,18,13,0.0
3,404,2,33,18,13,0.0
3,404,2,34,18,13,0.0
4,405,1,30,18,11,1.0
4,405,1,31,18,11,0.0
4,405,1,32,18,11,0.0
4,405,1,33,18,11,0.0
4,405,1,34,18,11,0.0
4,405,2,30,18,11,0.0
4,405,2,31,18,11,0.0
4,405,2,32,18,11,0.0
4,405,2,33,18,11,0.0
4,405,2,34,18,11,0.0
5,406,1,30,18,13,1.0
5,406,1,31,18,13,0.0
5,406,1,32,18,13,0.0
5,406,1,33,18,13,0.0
5,406,1,34,18,13,0.0
5,406,2,30,18,13,0.0
5,406,2,31,18,13,0.0
5,406,2,32,18,13,0.0
5,406,2,33,18,13,0.0
5,406,2,34,18,13,0.0
6,407,1,30,18,11,1.0
6,407,1,31,18,11,0.0
6,407,1,32,18,11,0.0
6,407,1,33,18,11,0.0
6,407,1,34,18,11,0.0
6,407,2,30,18,11,0.0
6,407,2,31,18,11,0.0
6,407,2,32,18,11,0.0
6,407,2,33,18,11,0.0
6,407,2,34,18,11,0.0
7,408,1,30,18,25,1.0
7,408,1,31,18,25,0.0
7,408,1,32,18,25,0.0
7,408,1,33,18,25,0.0
7,408,1,34,18,25,0.0
7,408,2,30,18,25,0.0
7,408,2,31,18,25,0.0
7,408,2,32,18,25,0.0
7,408,2,33,18,25,0.0
7,408,2,34,18,25,0.0
8,409,1,30,18,6,1.0
8,409,1,31,18,6,0.0
8,409,1,32,18,6,0.0
8,409,1,33,18,6,0.0
8,409,1,34,18,6,0.0
8,409,2,30,18,6,0.0
8,409,2,31,18,6,0.0
8,409,2,32,18,6,0.0
8,409,2,33,18,6,0.0
8,409,2,34,18,6,0.0
9,410,1,30,18,15,0.0
9,410,1,31,18,15,0.0
9,410,1,32,18,15,0.0
9,410,1,33,18,15,0.0
9,410,1,34,18,15,0.0
9,410,2,30,18,15,1.0
9,410,2,31,18,15,0.0
9,410,2,32,18,15,0.0
9,410,2,33,18,15,0.0
9,410,2,34,18,15,0.0
10,411,1,30,18,17,0.0
10,411,1,31,18,17,0.0
10,411,1,32,18,17,0.0
10,411,1,33,18,17,0.0
10,411,1,34,18,17,0.0
10,411,2,30,18,17,1.0
10,411,2,31,18,17,0.0
10,411,2,32,18,17,0.0
10,411,2,33,18,17,0.0
10,411,2,34,18,17,0.0
11,412,1,30,18,23,0.0
11,412,1,31,18,23,0.0
11,412,1,32,18,23,0.0
11,412,1,33,18,23,0.0
11,412,1,34,18,23,0.0
11,412,2,30,18,23,1.0
11,412,2,31,18,23,0.0
11,412,2,32,18,23,0.0
11,412,2,33,18,23,0.0
11,412,2,34,18,23,0.0
12,413,1,30,18,13,0.0
12,413,1,31,18,13,0.0
12,413,1,32,18,13,0.0
12,413,1,33,18,13,0.0
12,413,1,34,18,13,0.0
12,413,2,30,18,13,1.0
12,413,2,31,18,13,0.0
12,413,2,32,18,13,0.0
12,413,2,33,18,13,0.0
12,413,2,34,18,13,0.0
13,414,1,30,18,12,0.0
13,414,1,31,18,12,0.0
13,414,1,32,18,12,0.0
13,414,1,33,18,12,0.0
13,414,1,34,18,12,0.0
13,414,2,30,18,12,1.0
13,414,2,31,18,12,0.0
13,414,2,32,18,12,0.0
13,414,2,33,18,12,0.0
13,414,2,34,18,12,0.0
14,415,1,30,18,13,0.0
14,415,1,31,18,13,0.0
14,415,1,32,18,13,0.0
14,415,1,33,18,13,0.0
14,415,1,34,18,13,0.0
14,415,2,30,18,13,1.0
14,415,2,31,18,13,0.0
14,415,2,32,18,13,0.0
14,415,2,33,18,13,0.0
14,415,2,34,18,13,0.0
15,416,1,30,18,18,0.0
15,416,1,31,18,18,0.0
15,416,1,32,18,18,0.0
15,416,1,33,18,18,0.0
15,416,1,34,18,18,0.0
15,416,2,30,18,18,1.0
15,416,2,31,18,18,0.0
15,416,2,32,18,18,0.0
15,416,2,33,18,18,0.0
15,416,2,34,18,18,0.0
16,417,1,30,18,11,0.0
16,417,1,31,18,11,0.0
16,417,1,32,18,11,0.0
16,417,1,33,18,11,0.0
16,417,1,34,18,11,0.0
16,417,2,30,18,11,1.0
16,417,2,31,18,11,0.0
16,417,2,32,18,11,0.0
16,417,2,33,18,11,0.0
16,417,2,34,18,11,0.0
17,418,1,30,18,16,0.0
17,418,1,31,18,16,0.0
17,418,1,32,18,16,0.0
17,418,1,33,18,16,0.0
17,418,1,34,18,16,0.0
17,418,2,30,18,16,1.0
17,418,2,31,18,16,0.0
17,418,2,32,18,16,0.0
17,418,2,33,18,16,0.0
17,418,2,34,18,16,0.0
18,419,1,30,18,20,0.0
18,419,1,31,18,20,1.0
18,419,1,32,18,20,0.0
18,419,1,33,18,20,0.0
18,419,1,34,18,20,0.0
18,419,2,30,18,20,0.0
18,419,2,31,18,20,0.0
18,419,2,32,18,20,0.0
18,419,2,33,18,20,0.0
18,419,2,34,18,20,0.0
19,420,1,30,18,13,0.0
19,420,1,31,18,13,1.0
19,420,1,32,18,13,0.0
19,420,1,33,18,13,0.0
19,420,1,34,18,13,0.0
19,420,2,30,18,13,0.0
19,420,2,31,18,13,0.0
19,420,2,32,18,13,0.0
19,420,2,33,18,13,0.0
19,420,2,34,18,13,0.0
20,421,1,30,18,14,0.0
20,421,1,31,18,14,0.0
20,421,1,32,18,14,0.0
20,421,1,33,18,14,0.0
20,421,1,34,18,14,0.0
20,421,2,30,18,14,1.0
20,421,2,31,18,14,0.0
20,421,2,32,18,14,0.0
20,421,2,33,18,14,0.0
20,421,2,34,18,14,0.0
21,422,1,30,18,25,0.0
21,422,1,31,18,25,1.0
21,422,1,32,18,25,0.0
21,422,1,33,18,25,0.0
21,422,1,34,18,25,0.0
21,422,2,30,18,25,0.0
21,422,2,31,18,25,0.0
21,422,2,32,18,25,0.0
21,422,2,33,18,25,0.0
21,422,2,34,18,25,0.0
22,423,1,30,18,12,0.0
22,423,1,31,18,12,1.0
22,423,1,32,18,12,0.0
22,423,1,33,18,12,0.0
22,423,1,34,18,12,0.0
22,423,2,30,18,12,0.0
22,423,2,31,18,12,0.0
22,423,2,32,18,12,0.0
22,423,2,33,18,12,0.0
22,423,2,34,18,12,0.0
23,424,1,30,18,10,0.0
23,424,1,31,18,10,1.0
23,424,1,32,18,10,0.0
23,424,1,33,18,10,0.0
23,424,1,34,18,10,0.0
23,424,2,30,18,10,0.0
23,424,2,31,18,10,0.0
23,424,2,32,18,10,0.0
23,424,2,33,18,10,0.0
23,424,2,34,18,10,0.0
24,425,1,30,18,14,0.0
24,425,1,31,18,14,1.0
24,425,1,32,18,14,0.0
24,425,1,33,18,14,0.0
24,425,1,34,18,14,0.0
24,425,2,30,18,14,0.0
24,425,2,31,18,14,0.0
24,425,2,32,18,14,0.0
24,425,2,33,18,14,0.0
24,425,2,34,18,14,0.0
25,426,1,30,18,20,0.0
25,426,1,31,18,20,1.0
25,426,1,32,18,20,0.0
25,426,1,33,18,20,0.0
25,426,1,34,18,20,0.0
25,426,2,30,18,20,0.0
25,426,2,31,18,20,0.0
25,426,2,32,18,20,0.0
25,426,2,33,18,20,0.0
25,426,2,34,18,20,0.0
26,427,1,30,18,6,0.0
26,427,1,31,18,6,1.0
26,427,1,32,18,6,0.0
26,427,1,33,18,6,0.0
26,427,1,34,18,6,0.0
26,427,2,30,18,6,0.0
26,427,2,31,18,6,0.0
26,427,2,32,18,6,0.0
26,427,2,33,18,6,0.0
26,427,2,34,18,6,0.0
27,428,1,30,18,12,0.0
27,428,1,31,18,12,1.0
27,428,1,32,18,12,0.0
27,428,1,33,18,12,0.0
27,428,1,34,18,12,0.0
27,428,2,30,18,12,0.0
27,428,2,31,18,12,0.0
27,428,2,32,18,12,0.0
27,428,2,33,18,12,0.0
27,428,2,34,18,12,0.0
28,429,1,30,18,12,0.0
28,429,1,31,18,12,1.0
28,429,1,32,18,12,0.0
28,429,1,33,18,12,0.0
28,429,1,34,18,12,0.0
28,429,2,30,18,12,0.0
28,429,2,31,18,12,0.0
28,429,2,32,18,12,0.0
28,429,2,33,18,12,0.0
28,429,2,34,18,12,0.0
29,430,1,30,18,13,0.0
29,430,1,31,18,13,0.0
29,430,1,32,18,13,0.0
29,430,1,33,18,13,0.0
29,430,1,34,18,13,0.0
29,430,2,30,18,13,0.0
29,430,2,31,18,13,1.0
29,430,2,32,18,13,0.0
29,430,2,33,18,13,0.0
29,430,2,34,18,13,0.0
30,431,1,30,18,17,0.0
30,431,1,31,18,17,1.0
30,431,1,32,18,17,0.0
30,431,1,33,18,17,0.0
30,431,1,34,18,17,0.0
30,431,2,30,18,17,0.0
30,431,2,31,18,17,0.0
30,431,2,32,18,17,0.0
30,431,2,33,18,17,0.0
30,431,2,34,18,17,0.0
31,432,1,30,18,6,0.0
31,432,1,31,18,6,0.0
31,432,1,32,18,6,0.0
31,432,1,33,18,6,0.0
31,432,1,34,18,6,0.0
31,432,2,30,18,6,0.0
31,432,2,31,18,6,1.0
31,432,2,32,18,6,0.0
31,432,2,33,18,6,0.0
31,432,2,34,18,6,0.0
32,433,1,30,18,3,0.0
32,433,1,31,18,3,0.0
32,433,1,32,18,3,0.0
32,433,1,33,18,3,0.0
32,433,1,34,18,3,0.0
32,433,2,30,18,3,0.0
32,433,2,31,18,3,1.0
32,433,2,32,18,3,0.0
32,433,2,33,18,3,0.0
32,433,2,34,18,3,0.0
33,434,1,30,18,20,0.0
33,434,1,31,18,20,0.0
33,434,1,32,18,20,0.0
33,434,1,33,18,20,0.0
33,434,1,34,18,20,0.0
33,434,2,30,18,20,0.0
33,434,2,31,18,20,1.0
33,434,2,32,18,20,0.0
33,434,2,33,18,20,0.0
33,434,2,34,18,20,0.0
34,435,1,30,19,13,0.0
34,435,1,31,19,13,0.0
34,435,1,32,19,13,0.0
34,435,1,33,19,13,0.0
34,435,1,34,19,13,0.0
34,435,2,30,19,13,0.0
34,435,2,31,19,13,1.0
34,435,2,32,19,13,0.0
34,435,2,33,19,13,0.0
34,435,2,34,19,13,0.0
35,436,1,30,19,17,0.0
35,436,1,31,19,17,0.0
35,436,1,32,19,17,0.0
35,436,1,33,19,17,0.0
35,436,1,34,19,17,0.0
35,436,2,30,19,17,0.0
35,436,2,31,19,17,1.0
35,436,2,32,19,17,0.0
35,436,2,33,19,17,0.0
35,436,2,34,19,17,0.0
36,437,1,30,19,18,0.0
36,437,1,31,19,18,0.0
36,437,1,32,19,18,0.0
36,437,1,33,19,18,0.0
36,437,1,34,19,18,0.0
36,437,2,30,19,18,0.0
36,437,2,31,19,18,1.0
36,437,2,32,19,18,0.0
36,437,2,33,19,18,0.0
36,437,2,34,19,18,0.0
37,438,1,30,19,14,0.0
37,438,1,31,19,14,0.0
37,438,1,32,19,14,0.0
37,438,1,33,19,14,0.0
37,438,1,34,19,14,0.0
37,438,2,30,19,14,0.0
37,438,2,31,19,14,1.0
37,438,2,32,19,14,0.0
37,438,2,33,19,14,0.0
37,438,2,34,19,14,0.0
38,439,1,30,19,20,0.0
38,439,1,31,19,20,0.0
38,439,1,32,19,20,1.0
38,439,1,33,19,20,0.0
38,439,1,34,19,20,0.0
38,439,2,30,19,20,0.0
38,439,2,31,19,20,0.0
38,439,2,32,19,20,0.0
38,439,2,33,19,20,0.0
38,439,2,34,19,20,0.0
39,440,1,30,19,17,0.0
39,440,1,31,19,17,0.0
39,440,1,32,19,17,1.0
39,440,1,33,19,17,0.0
39,440,1,34,19,17,0.0
39,440,2,30,19,17,0.0
39,440,2,31,19,17,0.0
39,440,2,32,19,17,0.0
39,440,2,33,19,17,0.0
39,440,2,34,19,17,0.0
40,441,1,30,19,18,0.0
40,441,1,31,19,18,0.0
40,441,1,32,19,18,1.0
40,441,1,33,19,18,0.0
40,441,1,34,19,18,0.0
40,441,2,30,19,18,0.0
40,441,2,31,19,18,0.0
40,441,2,32,19,18,0.0
40,441,2,33,19,18,0.0
40,441,2,34,19,18,0.0
41,442,1,30,19,16,0.0
41,442,1,31,19,16,0.0
41,442,1,32,19,16,1.0
41,442,1,33,19,16,0.0
41,442,1,34,19,16,0.0
41,442,2,30,19,16,0.0
41,442,2,31,19,16,0.0
41,442,2,32,19,16,0.0
41,442,2,33,19,16,0.0
41,442,2,34,19,16,0.0
42,443,1,30,19,18,0.0
42,443,1,31,19,18,0.0
42,443,1,32,19,18,1.0
42,443,1,33,19,18,0.0
42,443,1,34,19,18,0.0
42,443,2,30,19,18,0.0
42,443,2,31,19,18,0.0
42,443,2,32,19,18,0.0
42,443,2,33,19,18,0.0
42,443,2,34,19,18,0.0
43,444,1,30,19,13,0.0
43,444,1,31,19,13,0.0
43,444,1,32,19,13,1.0
43,444,1,33,19,13,0.0
43,444,1,34,19,13,0.0
43,444,2,30,19,13,0.0
43,444,2,31,19,13,0.0
43,444,2,32,19,13,0.0
43,444,2,33,19,13,0.0
43,444,2,34,19,13,0.0
